"accession_name","index","selected","DM_gravity","yield_ha","plant_type","branch_angle","branch_number","carotenoid1_8","CBB_3mon","DM_yield_ha","germinated_number_plot","germination_perc","height","height_1st_branch","height_wt_leaf","lodging1_3","lodging1_3_6mon","root_constriction1_3","root_length1_3","root_number_commercial","root_peduncle1_3","root_rot_number","root_shape1_6","root_skin_color1_3","root_type1_5","root_weight_plot","thrips1_5","vigor1_5"
"SM3464-29",55.4358568459825,TRUE,33.42,39.62,1.59,40.35,2.29,1.02,1.1,13.58,8.98,89.84,228.38,141.56,30.33,1.13,1.02,1.18,2.63,39.16,1.8,0.59,2.57,2.8,1.53,24.46,1.03,4.22
"SM2775-4_is_Bellotti",52.6992747585501,TRUE,35.83,32.65,1.6,40.77,1.84,1.33,1.04,12.16,8.92,89.16,236.76,98.79,28.71,1.17,1,1.05,2.62,32.85,1.35,1.03,3,3,1.58,20.55,1.03,4.19
"SM1411-5_is_Sinuana",44.7887629606169,TRUE,33.65,34.62,2.16,41.11,3.16,1.12,1.06,12.08,9,89.96,242.59,78.56,23.97,1.14,1.03,1.18,2.63,32.31,1.57,0.5,2.8,3.02,1.8,21.11,1.05,4.31
"GM9108-5",43.5464083340907,TRUE,35.49,29.93,2.17,43.53,0.85,1.96,1.14,10.88,8.13,81.25,229.28,157.01,32.79,1.37,1.02,1.12,2.63,26.63,1.17,0.68,2.78,2.83,1.72,18.39,1.07,4.14
"GM9124-12",43.315393157554,TRUE,36.94,25.88,2.02,44.82,1.43,1.43,1.06,9.96,9.32,93.2,227.72,157.47,27.22,1.12,1.01,1.16,2.64,24.6,1.28,1.08,2.76,3.02,2.21,16.12,1.31,4.05
"SM2792-31_Melua31",41.0591243531665,TRUE,33.05,32.41,2.03,43.47,2.37,1.21,1.05,11.16,8.71,87.11,240.63,132.3,25.57,1.13,1.02,1.15,2.63,31.07,1.57,0.61,2.86,3.02,1.68,20.23,1.19,4.2
"SM1427-1",39.9512696223759,TRUE,33.87,32.17,2.43,43.47,0.89,1.52,1.21,11.23,9.24,92.37,235.96,153.14,32.7,1.39,1.01,1.2,2.53,34.89,1.59,0.99,2.56,3,2.01,20.04,1.03,4.17
"GM8873-2",39.8520289736288,TRUE,33.73,28.4,1.73,NA,1.55,1.38,NA,10.17,7.81,78.08,254.96,182.17,29.01,1.25,NA,1.09,2.74,24.25,2.07,0.55,2.75,3,1.88,17.56,1.28,4.05
"GM8871-26",39.6563305554167,TRUE,36.3,23.52,1.84,NA,0.07,1.68,1.04,8.69,9.4,93.96,220.64,217.4,27.64,1.23,1.01,1.18,2.48,24.62,1.27,0.9,2.54,3,2.28,14.5,1.03,3.91
"GM8868-85",39.0342618100429,TRUE,35.9,23.73,1.81,43.24,0.72,1.23,1.05,8.92,8.4,83.97,232.09,186.19,32.14,1.18,1.01,1.08,2.67,25.75,1.63,0.61,2.92,3,2.2,14.57,0.97,3.99
"SM1511-6",38.9318682705356,TRUE,33.86,32.53,2.62,43.17,1.82,1.38,1.19,11.44,9.33,93.26,238.66,114.29,30.95,1.42,1.02,1.2,2.4,31.76,1.51,0.59,2.66,3.01,1.93,20.25,1.08,4.09
"CM9962-27",38.8088076872051,TRUE,32.5,32.03,2.05,42.27,0.75,2.97,1.25,10.76,7.54,75.36,247.86,221.13,38.88,1.34,1.01,1.14,2.65,25.46,1.18,0.63,2.67,1.12,1.8,19.75,1,4.23
"TAI8_is_TAI",38.116229487288,TRUE,32.68,30.18,1.88,39,2.16,3.1,1.09,10.1,8.55,85.48,209.51,115.33,24.62,1.28,1,1.22,2.48,29.5,1.17,0.84,2.45,1.02,1.75,18.69,1.07,3.95
"CM9912-167",38.0016134832064,TRUE,33.36,29.76,2.07,42.48,0.42,2.83,1.07,10.44,8.36,83.62,245.5,248.24,40.03,1.15,1.02,1.13,2.62,26.51,1.17,0.48,2.66,1.26,1.7,18.57,1.04,4.15
"GM1406-13",35.4913488033588,TRUE,33.89,29.33,2.51,NA,1.28,1.56,NA,10.88,8.21,82.1,241.41,185.26,29.6,1.65,NA,1.06,2.48,22.16,1.19,0.74,2.66,3,1.69,18.33,1.03,4.05
"CM9460-40",34.3276820324891,TRUE,32.24,28.79,1.96,45.08,2.07,2.23,1.05,9.44,8.1,80.97,263.89,126.45,28.09,1.38,1.02,1.35,2.66,27.53,1.53,0.69,2.93,3.01,1.76,17.73,1.12,4.38
"SMB2446-2_is_Caiseli",34.0691951127861,TRUE,35.25,19.07,1.39,NA,0,1.8,1.04,6.83,7.68,76.8,231.85,232.39,33.8,1.11,1,1.11,2.62,19.33,1.44,1.13,2.78,3,2.26,11.95,1.02,3.78
"CM3555-6_is_Sucrena",33.9431178547641,TRUE,31.58,29.26,1.85,42.65,0.93,1.69,1.06,9.37,6.82,68.17,224.64,193.31,30.07,1.25,1.02,1.28,2.64,29.02,1.57,1.19,2.93,2.26,1.94,18.12,1.03,3.95
"SM3134-73",32.3271580597214,TRUE,34.57,23.55,2.15,40.55,1.17,3.26,1.05,8.51,9.31,93.07,201.35,132.82,29.46,1.1,1.01,1.45,2.51,25.98,1.22,0.59,2.51,1.02,2.17,14.66,0.96,3.86
"CM4919-1_is_Veronica",32.3183550384535,TRUE,32.88,26.9,2.12,43.51,0.43,4.29,1.05,9.19,8.96,89.55,209.15,170.88,34.16,1.11,1,1.21,2.68,27.65,1.15,0.58,2.97,3.01,1.97,16.77,1.07,3.97
"SM3559-11",31.6318186632192,TRUE,35.62,21.82,2.32,NA,0.25,NA,1.06,8.13,6.08,60.78,237.32,227.85,34.56,1.25,1.02,NA,2.49,24.34,1.31,0.58,2.79,1.1,2.41,13.56,1.08,3.86
"SM1759-29",31.4598956644151,TRUE,34.24,23.15,2.07,NA,0.33,NA,1.12,8.34,6.45,64.53,228.25,210.11,34.22,1.29,1.02,NA,2.62,22.84,1.22,0.62,2.76,3.01,2.12,13.92,1.1,3.73
"SM3640-20",31.0362300985938,TRUE,34.26,25.25,2.5,NA,2.99,2.04,NA,9.16,6.44,64.45,224.76,116.97,21.53,1.2,NA,1.05,2.45,21.72,1.26,0.59,2.53,3.02,1.85,15.74,1.04,4.15
"SM2828-28",31.0185633825917,TRUE,35.75,24.92,2.99,44.37,2.48,1.11,1.06,9.18,8.96,89.63,194.8,69.14,26.54,1.08,1.02,1.03,2.6,26.11,1.53,0.44,2.94,3.01,1.96,15.65,1.01,3.65
"SM1433-4",30.9749548860211,TRUE,33.7,29.11,2.98,44.01,2.77,3.63,1.06,10.05,9.35,93.54,219.72,81.7,24.16,1.45,1.02,1.53,2.64,28.93,1.48,0.51,2.89,1.19,2.07,17.93,0.97,4.21
"GM579-13",30.6907309184794,TRUE,34.12,27.57,2.9,41.91,3.18,NA,1.06,9.9,9.02,90.16,200.5,67.57,24.4,1.25,1.01,NA,2.64,26.23,1.42,0.55,2.89,1.43,1.86,16.62,1.56,3.99
"SM3106-14",30.5882177901253,TRUE,34.09,23.91,2.26,43.88,1.49,2.43,1.06,8.39,6.42,64.25,210.91,107.09,27.66,1.18,1.01,1.67,2.57,21.24,1.26,0.81,2.92,1.1,2.04,14.98,1.51,3.8
"GM9125-5",30.2584399719066,TRUE,35.87,22.12,2.64,44.16,2.04,2.02,1.09,8.16,8.36,83.57,244.5,162.41,32.2,1.14,1.02,1.15,2.58,21.23,1.91,0.62,2.91,1.12,2.24,13.73,1.09,3.92
"SM1669-7",30.0870917161665,TRUE,34.45,21.71,2.07,NA,0.34,NA,1.05,7.8,7.9,79.04,224.33,208.14,34.67,1.28,1.02,NA,2.59,24.56,1.23,0.68,2.78,3.01,2.13,12.24,1.07,3.88
"SM1127-8_is_Cubana",29.762376056481,TRUE,33.19,23.59,1.98,42.28,1.93,2.52,1.04,8.17,9.44,94.37,237.14,181.79,27.51,1.14,1.02,1.27,2.53,22.84,1.58,0.55,2.53,1.96,1.94,14.14,1,4.17
"SM3641-2",29.3922077768899,TRUE,34.7,23.93,2.64,NA,2.03,1.42,NA,8.93,8.21,82.06,242.57,111.96,24.32,1.17,NA,1.4,2.54,23.52,1.61,0.68,2.63,2.99,2.45,14.77,1.07,4.24
"TME287",29.1489899466442,TRUE,30.41,27.52,1.73,NA,0.35,1.62,NA,9.04,7.76,77.62,231.28,214.22,29.11,1.35,NA,1.08,2.46,22.34,1.17,0.74,2.67,2.99,2.03,16.89,1.09,4.07
"VEN25",29.049192023109,TRUE,32.21,27.11,2.33,42.43,1.63,1.17,1.07,8.86,8.98,89.79,265.21,176.5,30.22,1.26,1.01,1.18,2.15,25.16,1.39,0.57,2.48,3.01,1.94,16.4,1.5,4.15
"AR35-1",28.844919014836,TRUE,33,26.11,2.47,NA,3.06,1.3,NA,8.74,7.87,78.67,237.81,110.6,30.27,1.22,NA,1.4,2.38,32.81,1.61,0.65,2.51,3.04,2.29,16.56,1.05,3.6
"CM6438-14_is_Vergara",28.4406638533207,TRUE,31.34,25.86,1.87,43.74,2.11,NA,1.04,8.8,7.05,70.49,248.29,127.98,28.98,1.28,1.02,NA,2.66,20.3,1.7,1.58,2.7,3.01,2.01,16.97,1.06,4.11
"GM9109-5",28.1795110428988,TRUE,36.88,18.21,2.59,NA,1.8,1.12,NA,7.09,7.95,79.5,194.62,112.64,23.45,1.12,NA,1.08,2.37,17.98,1.52,0.59,2.75,3,2.79,11.34,1.24,3.81
"SM3638-18",27.9571297485018,TRUE,31.79,23.2,1.63,NA,0.59,1.6,NA,7.99,7.55,75.5,226.93,189.62,29,1.12,NA,1.32,2.55,32.41,1.54,0.55,2.88,1.82,2.49,14.47,1.01,3.77
"CM9456-12",27.8152907349142,TRUE,34.25,16.48,1.37,NA,0.36,1.57,NA,5.81,7.87,78.71,245.07,223.53,34.29,1.21,NA,1.31,2.54,14.96,1.69,0.97,2.72,2.99,2.78,10.46,1.09,4.1
"SM643-17",27.5023756388856,TRUE,31.46,22.93,1.52,NA,1.26,1.14,NA,8.47,5.89,58.95,267.51,169.38,35.54,1.11,NA,1.4,2.47,28.57,1.79,0.71,3.04,3.01,2.36,14.66,1,3.96
"TME3",27.1975743126338,TRUE,31.74,25.6,2.13,42.6,0.96,1.17,1.1,8.2,8.79,87.87,207.81,139.29,29.45,1.15,1.02,1.13,2.66,22.41,1.35,0.57,2.76,2.58,1.92,15.67,1.28,3.71
"CG1141-1_is_Costena",26.6948686793381,TRUE,32.66,22.23,1.94,42.04,0.29,1.03,1.07,7.47,9.06,90.59,214.12,183.57,35.74,1.34,1.01,1.04,2.48,21.67,1.24,0.56,2.47,3.01,2.03,13.83,1.07,3.86
"BRA1016",26.373536611663,TRUE,31.3,28.14,2.52,NA,2.66,1.1,NA,9.19,8.57,85.67,276.99,129.73,29.43,1.42,NA,1.08,2.55,20.77,1.61,0.71,2.81,2.98,1.95,16.71,1.1,4.35
"SM2773-32",26.2437781567131,TRUE,37.54,15.42,2.59,44.2,1.79,NA,1.05,6.18,7.38,73.84,214.07,142.25,26.99,1.29,1.02,NA,2.22,17.72,1.43,0.58,2.88,3.03,2.84,9.31,1.06,3.68
"SM2973-42",26.1717822715714,TRUE,30.85,29.73,2.66,42.95,2.73,0.93,1.06,9.51,8.23,82.25,219.03,89.88,21.57,1.3,1.02,1.17,2.65,27.86,1.51,0.99,2.81,3.01,1.79,18.75,0.99,4.01
"GM8716-1",25.8449949244864,TRUE,32.05,24.65,2.25,43.93,1.6,2.04,1.1,8.07,9.14,91.43,252.11,149.94,31.77,1.51,1.02,1.16,2.57,24.76,1.54,0.53,2.55,3.01,1.81,15.17,1.05,4.14
"CM6740-7_is_Reina",25.8371665354062,TRUE,30.93,26.64,2.19,NA,0.21,NA,1.07,8.39,7.36,73.55,257.84,259.95,33.48,1.29,1.02,NA,2.65,24.46,1.51,0.61,2.9,2.87,1.87,15.44,1.11,4.03
"CM5253-1",25.808733132412,TRUE,31.86,27.3,2.65,42.91,3.18,NA,1.06,9.16,8.81,88.12,194.4,61.92,26.52,1.31,1.03,NA,2.57,25.45,1.2,0.49,2.76,3.03,2.07,16.37,1.08,3.79
"Chocoana",25.7340259289194,TRUE,30.72,28.2,2.4,42.79,3.25,1.52,1.08,8.84,8.47,84.73,238.56,97.8,23.15,1.3,1.02,1.17,2.62,27.21,1.81,0.62,2.73,3.01,2.03,17.82,1.16,4.22
"HB60",25.1994370302006,TRUE,32.23,28.99,3.16,40.27,0.38,NA,1.18,9.67,9.04,90.44,250.43,230.87,32.02,1.84,1.03,NA,2.58,25.87,1.39,0.63,2.55,1.26,1.96,15.34,2.79,4.1
"SM3461-2",24.6242182335775,TRUE,34.48,24.33,3.24,NA,3.13,1.25,NA,8.71,7.49,74.93,242.73,103.68,23.53,1.41,NA,1.11,2.44,NA,1.78,NA,2.79,2.98,1.76,14.9,NA,4.12
"SM3110-15",24.3082706336634,TRUE,33.9,26.45,3.44,43,2.98,2.92,1.06,9.5,7.78,77.82,203.94,73.1,26.26,1.48,1.02,1.65,2.55,26.71,1.38,0.6,2.88,1.04,1.87,16.21,0.97,3.86
"SM1565-17",24.1549830819444,TRUE,29.02,32.99,2.82,43.47,0.77,0.92,1.21,9.56,7.7,76.99,256.72,239.23,34.43,1.41,1.02,1.17,2.33,23.45,1.16,1,2.26,3.02,1.7,20.75,0.97,4.2
"SM3386-49",24.1106889638002,TRUE,32.8,24.27,2.68,NA,2.08,1.3,NA,8.42,6.88,68.76,216.06,125.82,23.02,1.13,NA,1.39,2.42,28.41,1.73,0.5,2.75,2.24,2.29,15.06,1.02,3.82
"GM8868-59",24.047183579415,TRUE,33.98,16.46,1.75,NA,1.53,2.22,NA,5.98,8.15,81.52,249.52,157.86,32.46,1.32,NA,1.4,2.63,20.61,1.6,0.58,2.97,1.39,2.89,10.51,1.08,4.2
"SM2081-34",23.5662361213928,TRUE,31.48,24.12,2.24,44.78,2.44,1.61,1.05,7.64,8.29,82.94,232.89,101.02,30.36,1.12,1.01,1.15,2.51,23.26,1.57,0.6,2.26,2.85,2.15,14.7,1.12,3.98
"CR52A4",23.0107920937123,TRUE,31.37,30.1,3.32,NA,3.78,1.1,NA,9.86,7.68,76.79,247.08,82.1,21.66,1.12,NA,1.08,2.64,28.28,1.39,0.84,2.71,2.97,1.63,18.61,1.06,4.24
"PAN70",22.944693341885,TRUE,29.71,24.91,1.81,NA,0.03,1.06,1.06,7.5,9.38,93.78,261.74,272.86,26.45,1.11,1.02,1.17,2.64,27.19,1.72,0.5,2.87,2.94,2.24,15.6,1.03,4.34
"SM4794-8",22.7794554274887,TRUE,32.21,26.81,3.08,NA,3.1,1.47,NA,9.06,8.2,82.03,252.59,94.61,24.5,1.68,NA,1.56,2.55,20.08,0.99,0.6,2.57,2.98,1.75,16.33,1.05,4.45
"SM4708-36",22.5248228017122,TRUE,32.43,26.45,3.13,NA,3.34,1.44,NA,9.02,7.77,77.75,230.85,67.7,27.34,1.44,NA,1.21,2.66,20.63,1.48,0.61,2.65,2.75,2.03,16.22,1.1,4.16
"AR17-3",22.4161330377948,TRUE,30.87,25.01,2.32,NA,1.46,2.17,NA,8.41,7.44,74.36,234.05,108.32,24.02,1.28,NA,1.13,2.58,NA,1.73,NA,2.83,1.18,1.93,15.32,NA,3.94
"CR61A-1",22.1617009065262,TRUE,33.05,24.15,3,NA,4.06,4.07,NA,8.39,7.48,74.76,221.86,56.81,25.07,1.27,NA,1.56,2.59,20.48,1.81,0.55,2.77,1.13,2.48,14.86,1.32,4.07
"COL1516",22.0113129910465,TRUE,30.68,28.93,2.99,NA,2.93,1.77,NA,9.42,8.72,87.2,247.07,136.48,26.31,1.77,NA,1.08,2.57,27.27,1.42,0.61,2.74,2.64,1.76,17.73,1.08,4.34
"SM1669-5",21.9542030959518,TRUE,31.97,22.32,2.31,43.6,1.09,1.64,1.08,7.4,7.54,75.43,231.69,148.16,30.55,1.41,1.02,1.15,2.56,21.64,1.36,0.8,2.92,3.01,2.1,13.52,0.98,3.8
"GM8659-35",21.7988697788961,TRUE,32.3,19.01,1.87,NA,0.47,4.19,NA,6.52,8.3,82.99,210.97,178.12,34.24,1.32,NA,1.08,2.4,17.44,1.14,0.8,2.71,2.99,2.12,11.7,1.01,3.77
"SM3387-40",21.7727091207997,TRUE,33.01,17.11,1.8,NA,0.52,2.02,NA,6.18,7.5,75.01,280.26,259.02,41.9,1.44,NA,1.27,2.7,15.84,1.47,0.66,2.9,2.95,2.52,10.94,1.17,3.96
"SM1521-10",21.7352865795777,TRUE,30.85,23.7,2.17,43.21,1.7,1.6,1.08,7.49,6.68,66.8,234.34,184.06,27.86,1.16,1.01,1.28,2.42,21.56,1.53,0.79,2.75,1.43,1.92,14.71,1.11,3.92
"Azulita",21.6529548537359,TRUE,32.03,21.12,2.16,45.22,3.02,NA,1.07,6.92,8.55,85.53,246.58,113.51,27.4,1.28,1.02,NA,2.66,21.81,1.67,0.62,2.9,3.03,2.17,12.54,1.04,4.07
"SM3553-27",21.5898925149193,TRUE,32.67,22.93,2.72,NA,0.32,1.18,NA,7.97,8.11,81.08,265.78,238.4,31.76,1.78,NA,1.12,2.43,24.78,1.48,0.66,2.57,3.01,2.27,14.48,1.08,3.84
"SM3137-40",21.469434033169,TRUE,35.1,20.62,3.22,43.85,2.01,2.25,1.06,7.42,7.82,78.23,202.24,101.79,22.89,1.24,1.02,1.27,2.49,20.22,1.35,1.2,2.53,3.01,2.49,12.77,0.98,3.6
"CM523-7_is_Catumare",21.3793864596392,TRUE,32.96,24.28,3.09,43.46,3.23,1.45,1.1,8.33,8.95,89.53,241.39,100.7,21.71,1.51,1.02,1.17,2.65,23.31,1.68,0.71,2.93,3.01,2.4,15.14,1.11,4.08
"GM971-2",20.2485113159617,TRUE,30.85,25.75,2.72,44.09,2.52,1.24,1.06,8.39,8.3,83,222.16,124.68,23.14,1.23,1.02,1.15,2.48,28.26,1.3,1.19,2.89,2.69,2.28,16.42,1.14,4.13
"AR42-3",19.5467555658692,TRUE,31.24,23.17,2.5,NA,3.03,1.75,NA,7.5,7.82,78.2,239.76,97.53,25.86,1.34,NA,1.93,2.73,15.23,1.75,0.54,2.67,1.14,2.94,14.1,1.11,4.09
"FALSAREINA",18.6908918542607,TRUE,30.74,26.04,2.93,43.3,3.25,1.4,1.06,8.21,7.94,79.42,243.44,87.34,22.78,1.42,1.01,1.12,2.65,20.24,1.25,0.62,2.71,2.91,1.93,16.31,1.01,4.26
"GM4034-1_is_Reina_wx",18.4002032939763,TRUE,32.24,23.78,3.12,42.71,3.54,1.52,1.04,7.91,8.7,86.97,194.07,66.99,21.15,1.41,1.01,1.21,2.68,22.5,1.21,0.47,2.9,1.1,2.14,14.77,1.13,3.72
"GM3518-42",18.175583092485,TRUE,27.9,26.12,1.97,42.25,2.4,NA,1.07,7.41,9.01,90.12,255.23,137.99,27.84,1.29,1.03,NA,2.59,27.87,1.63,0.6,2.85,3.02,2.08,14.66,1.06,4.06
"SM2192-6",18.0300189512975,TRUE,32.47,19.61,2.52,43.72,0.68,1.77,1.15,6.58,6.78,67.78,204.56,141.35,33.1,1.38,1.02,1.17,2.67,19.18,1.26,0.79,2.91,1.11,2.38,12.41,1,3.74
"SM805-15",17.9701162930012,TRUE,32.23,24.57,3.31,42.22,3.25,2.63,1.06,8.14,9.37,93.73,210.31,101.72,24.37,1.42,1.02,1.14,2.55,27.78,1.38,0.79,2.91,2.42,2.23,15.21,0.98,3.8
"SM4517-33",17.9544544094765,TRUE,33.45,25.09,3.85,42.66,4.1,1.72,1.05,8.76,7.65,76.51,272.53,72.85,28.99,2.18,1.15,1.25,2.63,21.23,1.42,0.59,2.9,3.01,2.26,16.05,1,4.22
"SM2834-31",17.5640432581665,TRUE,32.58,27.02,3.92,43.06,2.82,NA,1.05,9.37,8.76,87.61,219.61,82.23,26.63,1.62,1.02,NA,2.45,25.22,1.18,0.5,2.51,2.06,2.12,16.24,1.08,3.83
"CUB46",17.2321453044469,TRUE,29.97,22.08,2.14,42.66,0.48,1.72,1.09,6.77,6.66,66.6,224.77,218.75,27.43,1.13,1.02,1.48,2.66,20.87,1.72,0.79,2.93,1.05,2.31,13.87,1.02,3.88
"CR24-3",16.7199908363323,TRUE,29.57,26.36,2.81,NA,2.71,2.15,NA,8.47,6.92,69.21,243.44,109.19,27.69,1.33,NA,1.17,2.55,NA,1.69,NA,2.77,3.02,2.68,16.09,NA,4.07
"SM3150-17",16.5438536725936,TRUE,33.54,21.65,3.46,44.44,3.63,1.47,1.21,7.44,8.39,83.91,204.21,79.52,25.3,1.54,1.03,1.12,2.6,22.47,2.09,0.68,2.72,2.87,2.51,13.57,1.01,3.76
"SM3139-22",16.2527454825789,TRUE,34.36,20.98,3.68,42.25,2.31,1.65,1.05,7.51,8.8,88.01,204.62,80.26,28.45,1.92,1.15,1.27,2.58,21.09,1.41,0.7,2.93,2.69,2.34,12.91,1.02,3.71
"CM9067-2",16.1334839065681,TRUE,31.76,21.76,2.88,43.18,1.81,1.22,1.04,7.07,7.33,73.28,214.71,157.96,30.21,1.36,1.01,1.24,2.12,20.26,1.26,0.68,2.47,2.83,2.35,12.99,1.04,3.62
"AR40-19",15.994847169243,TRUE,31.99,16.79,2.11,NA,2.42,1.3,NA,5.44,8.25,82.55,304.97,154.92,26.25,1.29,NA,1.39,2.65,14.81,2.31,1.01,2.88,2.97,3.37,10.45,1.01,4.35
"SM4707-10",15.6101205480907,TRUE,31.68,23.54,3.23,NA,3.11,1.74,NA,7.82,6.88,68.75,266.32,126.78,32.16,1.77,NA,1.39,2.57,18.36,1.58,0.65,2.63,2.2,2.1,14.35,1.02,4.29
"SM4534-37",15.377231977734,TRUE,30.89,24.62,3.16,44.05,3.13,1.93,1.09,7.92,7.96,79.55,213.22,78.07,23.99,1.37,1.02,1.32,2.41,22.11,1.7,1.06,2.72,1.12,2.24,15.66,1.11,3.96
"SGB765-4_is_Rojita",15.3351133304428,FALSE,31.89,23.3,3.3,NA,3.13,2.13,NA,7.94,6.59,65.93,245.43,132.2,24.02,1.46,NA,1.12,2.44,NA,1.77,NA,2.75,2.98,1.91,14.32,NA,3.98
"COL1505",14.9487050769843,FALSE,30.39,24.04,2.93,42.32,3.82,NA,1.03,7.65,8.79,87.92,250.1,114.72,22.66,1.67,1.01,NA,2.46,25.33,1.59,0.61,2.89,2.25,2.28,14.42,1.68,4.31
"SM4524-28",14.6734640650707,FALSE,31.18,27.32,3.83,42.68,3.38,1.51,1.07,9.02,7.85,78.46,254.92,111.04,24.56,2.11,1.14,1.17,2.61,21.73,1.22,0.65,2.85,3.01,1.99,17.3,1.06,4.27
"COL1736",14.5124727017665,FALSE,33.94,17.11,3.07,NA,2.66,1.8,NA,6.23,7.86,78.61,219.76,137.71,21.56,1.32,NA,1.08,2.36,14.28,1.72,0.6,2.76,2.99,3.1,10.71,1.02,4.22
"CR24-16",14.5044880994601,FALSE,30.23,20.63,2.33,NA,0.47,1.45,NA,6.71,8.12,81.17,230.9,204.41,31.63,1.67,NA,1.07,2.25,25.31,1.28,0.76,2.75,2.99,2.08,12.81,1.04,3.68
"CR52A2",14.0380513056934,FALSE,31.53,22.82,3.25,NA,3.33,1.33,NA,7.71,7.53,75.29,244.75,101.15,25.14,1.72,NA,1.35,2.41,NA,1.45,NA,2.86,3.01,2.53,14.04,NA,4.16
"COL2215_is_Venezolana",14.0182111096739,FALSE,33.83,16.01,2.9,44.32,3.43,1.32,1.07,5.48,8.55,85.54,222.81,82.31,23.62,1.31,1.02,1.05,2.64,13.73,1.54,0.38,2.76,3.01,2.85,9.84,1.09,4.03
"SM3134-5",13.9936562371292,FALSE,34,20.71,3.79,43.46,3.38,1.46,1.05,7.32,8.31,83.05,236.38,77.63,27.54,2.27,1.09,1.15,2.67,21.41,1.56,0.59,2.88,3.01,2.21,12.88,1.05,3.97
"MAL3",13.9028647349494,FALSE,29.37,22.67,2.45,44.27,2.74,2.14,1.07,6.65,7.93,79.34,261.25,168.13,25,1.47,1.02,1.31,2.52,20.03,1.66,2.06,2.57,3.04,2.12,14.26,1.51,4.03
"SM4716-23",13.8328640107461,FALSE,32.44,18.89,2.92,NA,3.53,1.16,NA,6.53,7.44,74.39,251.16,121.69,28.15,1.78,NA,1.53,2.43,23.15,1.71,0.49,2.8,2.99,2.96,11.85,1.16,4.11
"GM7671-8",12.9052813182487,FALSE,29.22,25.96,3.1,44.29,3.62,1.61,1.06,7.77,8.58,85.76,221.59,72.1,23.37,1.45,1.01,1.14,2.63,22.33,1.92,0.6,2.85,3.01,1.86,16.14,1.01,4.05
"CR60B10",12.489285633294,FALSE,32.47,18.36,3.01,NA,3.58,4.06,NA,5.85,8.28,82.8,252.4,104.57,24.36,1.8,NA,1.16,2.48,22.06,1.51,0.56,2.81,1.05,2.62,11.72,1.05,4.08
"IND102",12.2628077969183,FALSE,29.9,22.02,2.74,NA,0.57,2.3,NA,6.88,7.97,79.68,211.33,182.11,21.52,1.2,NA,1.11,2.23,23.58,1.1,1.13,2.61,2.99,1.85,13.66,3.4,3.66
"SM4840-24",11.6654865266571,FALSE,30.68,22.35,3.16,NA,2.29,1.43,NA,7.09,7.97,79.67,222.72,99.68,25.49,1.78,NA,1.16,2.05,20.16,1.18,1.12,2.6,2.3,2.4,13.92,1.05,4.18
"MEX2",11.6288922633715,FALSE,27.97,21.71,2.06,44.07,1.1,1.45,1.11,6.07,9.38,93.75,245.18,220.54,26.6,1.13,1.02,1.28,2.64,24.05,1.58,0.45,2.88,2.84,2.38,13.67,1.3,4.29
"SM3677-74",11.6228788896327,FALSE,29.26,20.78,2.37,40.3,2.85,4.75,1.05,6.46,7.73,77.33,279.05,123.92,23.54,1.43,1.08,1.11,2.31,23.44,1.66,0.87,2.75,2.84,2.52,12.87,1,4.46
"GM7671-5",11.3105029657236,FALSE,30.84,22.27,3.25,43.62,3.15,1.6,1.17,7.05,8.63,86.32,229.02,92.39,20.18,1.34,1.02,1.16,2.56,24.26,1.44,0.81,2.86,3.01,2.27,13.83,0.97,4.27
"GM7671-12",10.9865989340958,FALSE,30.3,18.43,2.42,44.26,1.72,1.87,1.06,5.67,7.27,72.7,238.03,121.33,27.47,1.24,1.03,1.12,2.63,18.59,1.94,0.57,2.79,3.03,2.58,11.4,1.6,3.89
"GM9951-6",10.3089550324926,FALSE,28.15,24.19,2.73,43,3.47,NA,1.06,6.81,5.88,58.84,255.33,122.15,25.9,1.39,1.02,NA,2.65,23.14,1.88,0.6,2.89,3.03,2.16,14.65,1.03,4.27
"CR25-4",10.199913827553,FALSE,32.83,18.56,3.47,NA,2.9,1.13,NA,6.61,7.47,74.71,233.94,124.27,24.5,1.09,NA,1.07,2.43,16.81,1.49,0.6,2.75,2.98,2.63,11.67,1.03,3.75
"GM3426-5",10.1200023732986,FALSE,29.77,17.08,2.1,40.55,2.83,5.17,1.04,5.17,7.21,72.07,259.62,131.67,22.49,1.05,1.01,1.27,2.49,19.53,2.4,0.42,3.02,3,2.35,10.42,1.19,4.35
"GM6127-15",10.0742587292865,FALSE,30.98,16.06,2.37,42.07,0.65,1.89,1.05,5.13,7.34,73.41,228.1,215.57,35.33,1.33,1.02,1.25,2.35,15.42,1.79,0.47,2.8,1.17,2.72,9.87,1.02,3.8
"KU50",10.016233703032,FALSE,31.97,20.05,3.44,43.8,1.02,1.46,1.22,6.68,8.72,87.18,225.74,201.21,29.9,1.79,1.03,1.19,2.51,22.46,1.18,0.57,2.49,1.69,2.11,12.3,3.3,3.81
"GM9342-29",9.8201464259659,FALSE,30.22,15.01,1.94,NA,0.83,2.95,NA,4.8,7.22,72.21,237.84,182.61,31.54,1.29,NA,1.18,2.41,NA,1.67,NA,2.87,3.02,2.79,9.6,NA,3.85
"AR14-2",9.64963967707268,FALSE,31.12,14.66,2.23,NA,1.88,2.08,NA,4.62,7.48,74.76,223.89,130.46,24.79,1.34,NA,1.5,2.34,NA,1.77,NA,2.93,1.13,2.92,9.39,NA,4.01
"IND135",9.50752488292527,FALSE,30.09,19.67,2.75,42.98,1.24,1.45,1.05,6.15,8.94,89.36,236.97,155.2,26.64,1.23,1.02,1.31,2.64,20.65,1.96,0.58,2.92,3.01,2.31,12.18,2.23,3.99
"SM4709-12",9.2487012515018,FALSE,31.51,22.16,3.74,NA,3.87,1.4,NA,7.23,6.92,69.18,250.2,88.42,27.74,1.93,NA,1.29,2.41,13.33,1.06,0.86,2.45,2.98,2,13.61,1.06,4.28
"AR42-4",9.09073335264922,FALSE,33.8,16.98,3.69,NA,2.71,2.17,NA,5.83,7.42,74.18,239.58,102.47,25.01,1.35,NA,1.2,2.57,NA,2.18,NA,2.84,3,2.56,10.73,NA,3.96
"SM4744-1",8.97208372858524,FALSE,33.13,15.67,3.23,NA,3.49,1.17,NA,5.22,7.45,74.51,247.73,86.69,22.09,1.63,NA,1.52,2.47,NA,2.39,NA,2.8,2.97,2.64,9.96,NA,4.31
"PER597",8.86944457109014,FALSE,29.42,17.81,2.26,44.33,1.8,1.75,1.11,5.42,7.61,76.07,271.03,210.13,35.24,1.5,1.02,1.17,2.58,16.66,1.64,0.52,2.91,3.02,2.44,11.1,1.04,3.98
"GM10062-1",8.56545262436595,FALSE,29.42,21.35,2.92,43.84,3.99,1.45,1.05,6.54,7.56,75.62,249.74,87.14,28.4,1.45,1.03,1.16,2.66,22.31,1.64,0.78,2.77,3.01,2.24,13.39,1.59,4.01
"GM6127-7",8.10871794259617,FALSE,28.56,17.91,2.06,44.17,1.42,2.59,1.05,5.42,7.55,75.45,241.2,161.6,27.26,1.33,1.02,1.38,2.55,17.53,1.55,0.8,2.76,3,2.82,11.03,1.28,3.84
"GM10048-1",7.94734361925477,FALSE,29.5,20.96,2.96,44.61,2.33,3.83,1.29,6.57,8.35,83.5,274.37,195.5,24.98,1.49,1.02,1.14,2.65,17.73,1.86,0.49,2.84,3.03,2.21,13.33,1.05,4.22
"CM2766-5",7.90583750955767,FALSE,29.84,21.36,3.16,43.81,3.78,1.64,1.04,6.61,7.69,76.86,220.4,74.36,21.35,1.33,1.02,1.14,2.64,18.6,1.82,0.8,2.68,3.01,2.01,17.27,1.06,3.92
"GM3937-67",7.61913578289327,FALSE,29.39,23.23,3.36,43.77,3.1,1.91,1.06,7.06,7.81,78.09,229.12,75.92,25.96,1.52,1.02,1.29,2.66,20.46,1.21,0.84,2.93,2.96,2.37,14.46,1.09,4.08
"GM6126-29",7.44998889741183,FALSE,30.81,14.5,2.37,44.83,2.9,NA,1.1,4.74,7.01,70.08,249.59,123.7,24.31,1.28,1.02,NA,2.36,13.9,1.59,0.62,2.89,3.01,2.98,9.32,1.09,3.98
"GM4883-3",7.38974245613978,FALSE,31.62,20.46,3.72,45.23,2.27,2.09,1.18,6.7,8.12,81.15,224.99,144.56,28.13,1.7,1.03,1.15,2.43,18.88,1.29,0.89,2.61,3,2.24,12.85,1.05,3.88
"GM6125-1",7.17852799555287,FALSE,30.67,17.33,2.85,42.34,2.86,1.96,1.05,5.38,7.03,70.3,224.15,106.81,20.57,1.22,1.02,1.12,2.42,17.76,1.49,0.58,2.87,1.04,2.63,10.99,0.97,4.08
"CUB74",6.8834834822575,FALSE,29.83,18.64,2.81,NA,0.27,0.98,1.19,5.71,6.32,63.16,250.66,257.41,28.91,1.25,1.01,1.19,2.4,18.8,1.56,0.7,2.88,3.02,2.75,12.55,1.01,4.18
"SM4830-1",6.41115964918882,FALSE,33.41,12.59,3.12,NA,3.22,1.46,NA,4.45,6.58,65.79,236.17,80.32,25.87,1.19,NA,1.36,2.38,15.71,1.85,0.63,3.03,2.96,2.97,8.18,1.02,3.84
"GM3518-66",5.91968185112231,FALSE,28.04,19.45,2.42,42.78,3.29,NA,1.07,5.41,8.55,85.46,257.13,100.74,24.45,1.3,1.03,NA,2.49,19.87,2.09,0.98,2.86,2.7,2.49,11.6,1.1,4.08
"AM1549-6",5.5863791432611,FALSE,30.96,15.05,2.76,44.61,2.72,3.59,1.13,4.63,4.44,44.44,233.46,98.35,19.58,1.42,1.02,1.2,2.54,16.56,1.2,0.71,2.85,2.32,2.3,9.32,1.16,3.9
"SM4772-1",5.55087792971545,FALSE,31.99,17.89,3.64,NA,3.74,1.73,NA,5.94,5.84,58.38,242.82,72.59,29.2,1.88,NA,1.16,2.5,11.23,1.42,0.63,2.6,2.99,2.24,10.98,1.04,3.84
"COL1107",5.41092706305025,FALSE,26.03,25.44,2.8,43.87,2.79,NA,1.19,6.53,6.93,69.31,289.44,161.16,25.51,1.34,1.02,NA,2.47,23.97,1.4,0.79,2.7,2.99,2.44,15.87,1.09,4.37
"GM6127-13",5.15662210956025,FALSE,29.58,13.57,2.05,42.71,0.27,1.99,1.06,4.03,7.45,74.48,241.45,233.43,28.39,1.18,1.02,1.14,2.13,12.78,1.29,0.84,2.33,3.03,3.1,8.57,1,3.86
"AR17-18",4.95743690038785,FALSE,29.94,17.86,2.96,NA,2.81,1.63,NA,5.59,7.95,79.51,222.05,96.86,23.23,1.33,NA,1.26,2.09,17.72,2.12,0.6,2.74,3.01,3.25,10.98,1.02,4.16
"CR13-8",4.76914895086615,FALSE,30.84,18.01,3.34,NA,3.13,1.14,NA,5.76,7.68,76.79,279.06,155.51,27.54,2.01,NA,1.43,2.65,15.07,2.25,0.62,2.84,2.95,2.47,11.26,1.04,3.98
"GM4781-2",4.75443633931292,FALSE,30.12,20.87,3.58,42.22,3.15,2.02,1.09,6.45,7.92,79.22,221.13,88.93,26.71,2.01,1.09,1.26,2.56,18.74,1.31,1.01,2.59,1.18,2.23,12.66,1.2,3.89
"GM10057-19",3.95500369327316,FALSE,31.46,13.5,2.88,NA,3.57,1.34,NA,4.44,8.09,80.86,250.89,106.14,25.01,1.43,NA,1.45,2.64,15.43,2.19,0.65,2.8,3.01,3.36,8.68,1.06,3.95
"VEN77",3.86495867242554,FALSE,27.59,18.89,2.42,43.86,1.38,1.29,1.05,5.51,7.43,74.31,328.56,267.75,30.32,1.11,1.02,1.14,2.62,18.9,2.06,1.31,2.77,3.01,2.32,11.72,1.04,4.48
"SM4522-13",3.85482648721987,FALSE,30.23,19.87,3.56,42.01,3.24,1.42,1.11,6.12,6.86,68.62,255.45,102,21.66,1.86,1.08,1.24,2.52,19.24,1.14,0.83,2.67,3,2.19,12.16,1.04,4.27
"GM11901-10",3.83163768334353,FALSE,30.77,18.27,3.48,NA,4.32,1.32,NA,5.81,5.22,52.15,234.52,70.33,27.9,1.31,NA,1.1,2.42,18.91,1.1,0.79,2.86,2.99,2.36,11.69,1.08,4.02
"SM4844-10",3.81685116826982,FALSE,32.01,16.64,3.65,NA,2.46,1.32,NA,5.63,6.64,66.39,236.88,119.81,23.55,1.82,NA,1.08,2.11,13.45,1.62,0.6,2.72,3,3.15,10.35,1.02,3.9
"SM3536-44",3.56624544297401,FALSE,27.83,20.28,2.79,42.21,3.25,NA,1.07,5.67,8.71,87.08,247.72,111.83,25.33,1.29,1.03,NA,2.61,21.29,1.38,0.53,2.85,2.07,2.22,12.17,1.12,3.98
"SM4376-3",3.20268502079262,FALSE,28.08,17.84,2.5,NA,3.79,6.07,NA,5.25,6.7,67.05,242.99,72.86,21.98,1.07,NA,1.1,2.56,17.56,1.7,0.63,2.78,2.97,2.12,10.95,1.01,4.32
"AR9-12",3.18723658147866,FALSE,34.07,10,3.32,NA,3.01,1.79,NA,3.23,4.89,48.86,219.42,106.24,24.62,1.72,NA,1.51,2.41,NA,1.72,NA,2.86,1.18,3.1,6.72,NA,3.71
"SM4517-30",3.16924362217901,FALSE,30.02,21.29,3.82,44.29,3.94,1.43,1.06,6.54,7.99,79.95,253.49,85.46,25.05,1.82,1.08,1.27,2.45,17.76,1.32,2.29,2.53,2.86,2.16,13.4,1,4.23
"BRA334",2.92427896644382,FALSE,30.28,12.19,2.35,NA,1.05,1.16,NA,3.87,6.8,67.99,203.28,155.46,25.72,1.64,NA,1.12,2.23,18.28,1.83,1,2.67,2.99,2.83,7.76,1.06,3.7
"ARG73",2.73606152441874,FALSE,30.57,18.8,3.64,NA,2.04,1.44,NA,6.04,7.75,77.49,229.41,141.29,24.23,1.82,NA,1.14,2.04,16.52,1.19,1.08,2.43,2.99,2.52,11.62,1.01,3.65
"SM4573-27",2.5956512188568,FALSE,29.35,20.56,3.52,43.5,3.87,5.34,1.05,5.97,5.47,54.67,245.44,84.37,19.54,1.52,1.02,1.16,2.63,18.63,1.99,0.69,2.9,3.01,2.17,13.24,1.08,4.18
"SM4834-11",2.4389298451397,FALSE,28.28,22.28,3.45,NA,3.01,1.4,NA,6.48,7.95,79.46,255.86,102.97,19.18,1.65,NA,1.21,2.36,29.27,1.39,0.64,2.41,3,2.1,14.02,1.03,4.23
"C39",2.30791816820964,FALSE,29.26,18.6,3.18,45.05,3.17,1.75,1.1,5.78,7.51,75.07,199.88,65.39,27.33,1.45,1.01,1.35,2.41,17.93,1.78,0.46,2.68,2.84,2.64,11.78,1.21,3.56
"PAR98",1.82305859962899,FALSE,29.96,19.92,3.73,43.6,2.06,1.06,1.07,6.02,7.26,72.57,279.75,231.48,29,2.11,1.55,1.24,2.65,17.47,1.66,0.69,2.89,3.02,2.32,12.52,1.1,4.29
"SM4516-40",1.80777913695175,FALSE,29.89,19.2,3.58,43.82,3.56,2.02,1.06,5.8,6.89,68.9,188.79,70.94,21.33,1.49,1.01,1.16,2.36,16.22,1.26,0.91,2.62,1.18,2.32,12.12,1.21,3.79
"HMC1P12_is_HMC1",1.53805119842303,FALSE,30.58,17.62,3.59,43.49,3.39,1.78,1.05,5.63,6.53,65.29,216.25,61.88,23.56,1.61,1.02,1.19,2.59,19.1,1.67,0.63,2.9,3,2.22,10.53,1.02,3.88
"CR138",1.25116419814046,FALSE,29.11,18.37,3.22,44.98,3.36,NA,1.06,5.27,7.43,74.28,237.15,96.19,23.8,1.53,1.02,NA,2.66,18.3,1.42,0.7,2.89,3.02,2.26,11.36,1.09,3.77
"GM10055B-1",1.22078970306243,FALSE,29.61,21.75,4,45.39,3.74,1.48,1.14,6.84,6.27,62.68,232.8,65.73,21.87,1.83,1.08,1.25,2.55,17.24,1.67,0.54,2.83,3.01,2.34,14.05,1.64,3.78
"PTR19",1.17873313556951,FALSE,26.4,14.74,1.6,NA,0.85,1.47,NA,4.21,8.89,88.92,281.95,233.99,27.01,1.09,NA,1.14,2.32,13.92,1.76,0.61,2.9,2.79,2.79,9.34,1.05,4.29
"GM10055A-2",1.14799820763689,FALSE,29.22,20.63,3.67,44.13,3.43,2.09,1.05,6.28,7.23,72.31,219.43,85.38,22.84,1.51,1.02,1.3,2.57,19.65,1.63,0.6,2.82,1.64,2.28,13.05,2.84,3.76
"VEN208",1.03062552668722,FALSE,29.9,19.98,3.82,42.8,3.96,1.75,1.18,6.03,8.66,86.64,239.47,75.23,19.63,1.39,1.01,1.23,2.65,17.57,1.89,0.57,2.75,3,2.72,12.59,1.41,3.89
"ECU183",0.777751833905047,FALSE,28.04,18.32,2.88,44.59,2.84,3.45,1.29,5.36,7.42,74.23,220.49,72.32,26.85,1.32,1.02,1.37,2.45,17.36,1.92,0.6,2.74,1.19,2.43,11.73,0.97,3.8
"GM7672-8",0.431056615193681,FALSE,30.48,16.85,3.56,42.99,3.61,2.25,1.05,5.27,7,69.96,238.12,80.95,29.03,1.71,1.02,1.65,2.6,12.75,2.28,0.6,2.89,1.04,2.51,10.6,1.04,3.77
"GM10057-15",0.390580987281412,FALSE,30.12,14.95,3.1,NA,3.31,1.48,NA,4.6,8.5,85.04,230.67,113.07,26.71,1.79,NA,1.18,2.22,13.74,1.45,0.9,2.56,2.99,3.03,9.4,1.06,3.94
"COL1468",0.374385879199313,FALSE,23.85,30.02,3.45,NA,3.5,1.14,NA,8.06,7.85,78.51,261.75,99.5,22.03,1.65,NA,1.11,2.43,25.52,1.09,0.7,2.47,2.95,1.91,18.77,1.05,4.31
"GM6125-13",-0.0490834529926669,FALSE,29.71,14.63,2.95,44.76,1.59,1.37,1.06,4.58,7.7,77.02,230.28,183.33,22.77,1.36,1.02,1.08,2.41,14.34,1.22,1.09,2.45,3.01,2.65,9.15,1.04,3.74
"AM1495-1",-0.260048337721404,FALSE,29.32,17,3.25,NA,3.92,5.56,NA,5.31,5.46,54.56,201.91,100.47,25.54,1.63,NA,1.31,2.43,NA,1.75,NA,2.77,3,2.87,10.74,NA,4.02
"PAN139",-0.306266875413716,FALSE,28.53,22.32,3.9,44.46,3.05,1.3,1.06,6.44,9.32,93.19,223.98,105.03,26.22,1.94,1.27,1.16,2.49,22.41,1.27,1,2.78,2.93,2.05,13.78,1.2,4.07
"PER546",-0.505113382030067,FALSE,28.51,15.32,2.69,NA,0.92,1.63,NA,4.61,6.42,64.19,257.48,201.29,31.55,1.31,NA,1.05,2.5,17.45,2.09,0.58,2.8,2.18,2.7,9.96,3.09,3.7
"SM4850-18",-0.508348067107078,FALSE,28,18.89,3.13,43.33,3.81,5.39,1.1,5.26,7.73,77.29,250.21,94.93,19.81,1.35,1.01,1.3,2.63,20.13,2.02,0.71,2.95,2.99,2.42,11.86,1.06,4.15
"SM4754-27",-0.535431489465116,FALSE,30.81,15.57,3.58,NA,3.59,2.29,NA,5,5.88,58.76,273.28,67.15,24.96,1.79,NA,1.44,2.69,11.66,1.31,0.85,3.12,2.98,2.7,9.84,1.04,4.22
"GM6126-22",-0.539027144298724,FALSE,29.59,14.01,2.86,NA,-0.06,2.01,1.13,4.26,7.61,76.08,279.98,297.32,35.25,1.43,1.03,1.26,2.48,17.03,1.86,0.56,2.73,2.99,2.56,9.17,1.08,3.82
"AR40-3",-0.627201324008466,FALSE,29.69,12.54,2.65,NA,3.28,2.23,NA,4.15,7.02,70.19,215.69,98,25.01,1.19,NA,1.91,2.56,13.95,2.43,0.67,3.07,1.04,3.67,8.19,1.04,4.01
"PER347",-0.796376099731182,FALSE,27.46,18.61,2.92,NA,1.61,1.14,NA,5.58,7.37,73.74,233.42,164.57,21.94,1.29,NA,1.05,2.48,19.15,1.64,0.85,2.7,3.01,2.29,11.76,2.48,3.77
"GM7672-9",-0.927189249188104,FALSE,29.54,16.51,3.33,43.5,3.1,1.04,1.04,4.98,7.19,71.89,196.2,73,21.92,1.6,1.02,1.43,2.54,13.63,2.01,0.76,2.89,3,2.42,10.16,0.98,3.48
"SM4848-17",-0.940976567598314,FALSE,27.82,19.52,3.23,NA,3.53,1.38,NA,5.72,8.8,87.99,227,87.48,24.66,1.51,NA,1.29,2.42,17.89,1.52,0.61,2.66,2.12,2.08,12.19,1.04,4.24
"SM4838-12",-0.988329393185925,FALSE,30.92,13.87,3.38,NA,2.94,1.82,NA,4.54,7.72,77.15,228.62,91.16,30.59,1.64,NA,1.42,2.52,17.61,1.51,0.8,2.73,3.03,2.91,8.82,1.07,3.74
"C243",-1.15429938756542,FALSE,30.39,17.42,3.83,45.72,3.5,1.61,1.04,5.55,6.8,67.96,221.52,66.48,23.18,1.47,1.01,1.34,2.61,17.59,2.46,0.62,2.89,3,2.48,10.9,1.32,3.8
"CR63",-1.32761128522893,FALSE,27.27,17.65,2.75,NA,2.81,1.18,NA,5.27,7.93,79.27,257.34,109.01,29.79,1.11,NA,1.03,2.42,24.47,1.57,0.69,2.69,3,2.45,11.16,2.85,4.04
"GM11933-1",-1.51249819712122,FALSE,32.84,10.62,3.58,NA,3.58,1.75,NA,3.69,5.8,57.96,238.99,84.76,22.04,1.81,NA,1.11,2.27,13.84,1.7,0.63,2.69,2.97,2.9,6.85,1.02,3.9
"CG489-34",-1.5576608214104,FALSE,25.37,18.94,2.31,NA,1.17,1.45,NA,5.41,7.79,77.91,271.66,204.48,22.71,1.34,NA,1.11,2.46,17.99,1.68,0.73,2.86,2.78,2,11.9,1.05,4.12
"SM4715-20",-1.79011117006763,FALSE,27.64,21.67,3.65,NA,3.38,1.72,NA,6.26,8.01,80.05,244.28,86.62,20.36,1.79,NA,1.24,2.63,19.18,1.47,0.68,2.55,2.79,2.41,13.52,1.32,3.98
"SM4716-43",-1.86845891912371,FALSE,31.33,13.17,3.52,NA,3.52,1.19,NA,4.16,7.32,73.18,249.82,99.45,25.74,1.72,NA,1.35,2.46,NA,1.83,NA,2.8,3,2.87,8.53,NA,3.97
"SM4541-2",-2.11183329169222,FALSE,29.97,16.8,3.69,44.6,2.67,1.93,1.09,5.43,7.97,79.71,223.91,108.99,24.2,1.72,1.02,1.15,2.54,16.83,1.18,2.07,2.52,3.01,2.45,10.63,1.04,3.85
"COL2246",-2.31502224091399,FALSE,30.62,16.15,3.84,43.76,3.23,1.81,1.05,4.87,6.12,61.16,217.73,67.03,24.17,1.56,1.02,1.31,2.65,18.23,1.43,0.58,2.86,2.99,2.53,9.79,1.12,3.79
"GM7673-3",-2.32825514251418,FALSE,31.38,15.58,4.02,44.89,3.43,1.44,1.06,4.99,7.91,79.06,237.27,76.64,26.67,2.19,1.15,1.31,2.61,12.57,2.37,0.51,2.79,3.02,2.54,9.62,1.01,3.82
"COL1667",-2.3483510731908,FALSE,27.57,17.02,2.88,NA,0.68,1.23,NA,5.16,6.44,64.42,267.76,249.83,26.65,1.81,NA,1.26,2.49,18.05,1.5,0.7,2.85,2.95,2.68,11.01,3.15,4.06
"SM4471-64",-2.37347956396271,FALSE,28.3,15.25,2.84,NA,3.45,5.32,NA,4.7,2.82,28.18,251.96,110.99,25.98,1.33,NA,1.15,2.49,12.92,1.68,0.59,2.71,2.98,2.69,9.78,1.04,4.09
"CM4574-7",-2.59690208891884,FALSE,27.76,17.81,3.12,43.11,2.7,1.98,1.06,5.05,5.92,59.21,240.8,112.61,28.69,1.5,1.03,1.53,2.56,16.09,1.48,0.8,2.78,2.93,2.03,11.11,1.18,3.93
"CG489-31_is_NAT31",-2.6641545888969,FALSE,30.02,8.94,2.4,42.89,1.75,NA,1.06,2.55,7.75,77.54,247.06,147.6,26.94,1.36,1.02,NA,2.28,8.64,1.47,0.61,2.54,3,3.39,5.57,1.08,3.95
"SM4569-17",-2.88159982530387,FALSE,26.7,14.4,2.17,NA,2.81,5.84,NA,3.89,7.37,73.7,252.01,106.16,23.96,1.06,NA,1.17,2.73,16.22,2.41,0.63,2.96,2.96,2.89,9.08,1.1,4.27
"GM7672-7",-3.04463803232412,FALSE,28.45,18.38,3.53,43.65,4.4,1.9,1.18,5.33,8.49,84.86,238.31,68.73,21.94,1.53,1.02,1.24,2.62,20.06,1.98,0.44,2.88,3.01,2.44,11.53,1,3.95
"SM5008-14",-3.2852458690496,FALSE,28.56,14.84,2.98,43.47,4.45,5.48,1.05,4.28,5.99,59.91,255.98,94.57,18.8,1.37,1.02,1.49,2.41,13.37,1.97,0.58,2.87,3.01,2.72,9.41,1,4.39
"PER183",-3.52405304532478,FALSE,27.65,19.13,3.43,42.45,3.69,1.21,1.06,5.54,7.78,77.78,225.78,57.66,21.47,1.37,1.02,1.17,2.58,19.45,1.58,0.98,2.72,2.84,2.32,11.98,1.28,3.85
"GM9404-1",-3.88553447381394,FALSE,28.64,14.52,3.03,42.79,3.03,5.19,1.06,4.33,7.13,71.33,249.3,111.96,20.64,1.31,1.02,1.27,2.39,12.34,2,0.7,2.92,3.02,2.63,9.04,1.07,4.2
"C413",-3.94956947778342,FALSE,29.57,15.61,3.57,43.46,2.58,NA,1.03,4.44,5.65,56.54,231.71,119.59,32.1,1.62,1.01,NA,2.62,10.79,1.43,0.61,2.89,2.66,2.34,9.94,3.22,3.47
"SM4864-18",-3.9911500290468,FALSE,28.8,13.71,2.96,40.88,3.89,5.11,1.07,4.11,6.72,67.16,244.14,92.37,22.3,1.6,1.02,1.17,2.43,13.94,1.41,1.61,2.89,3.02,2.75,8.65,1.07,4.1
"GM5261-21",-4.00317986725241,FALSE,30.04,12.31,3.17,42.22,2.57,3.82,1.07,3.86,6.47,64.7,218.05,105.38,24.05,1.34,1.21,1.33,2.37,15.23,1.7,0.7,2.77,2.38,3.01,7.63,1.06,3.72
"SM4859-1",-4.26299107942259,FALSE,28.12,14.19,2.83,42.79,3.2,5.42,1.06,4.12,6.22,62.22,238.7,107.66,28.06,1.23,1.03,1.32,2.36,13.99,1.37,0.53,2.81,3.01,2.88,9.15,1,3.53
"SM4863-5",-4.33708436393346,FALSE,29.77,10.92,2.87,41.43,3.28,5.6,1.09,3.29,5.97,59.69,290.07,162.27,24.26,1.48,1.02,1.16,2.35,9.73,2.21,0.91,2.91,3,3.36,7.02,1.07,4.21
"GM10055B-2",-4.43353110427272,FALSE,28.73,19.86,4.07,45.96,3.96,1.83,1.1,6.13,7.59,75.9,247.36,64.22,24.26,2.39,1.02,1.67,2.13,16.35,1.76,0.59,2.64,1.26,2.56,12.57,1.5,3.86
"PER368",-4.68094925880689,FALSE,27.32,11.85,2.18,NA,0.62,3.74,NA,3.41,7.27,72.66,298.7,270.42,36.2,1.19,NA,1.26,2.34,15.42,1.52,0.95,2.56,3,3.39,7.56,1.1,4.21
"GM10057-8",-4.76602246442767,FALSE,32.27,4.42,2.7,NA,4,1.84,NA,1.48,3.83,38.27,251.37,80.61,22.64,1.15,NA,1.38,2.25,6.03,1.83,0.61,2.86,2.97,3.57,3.18,1.04,3.77
"SM3686-56",-4.77273408149014,FALSE,31.02,9.76,3.18,44.18,2.47,2.02,1.1,3.33,5.31,53.15,251.61,154.14,27.49,1.69,1.08,1.21,2.48,12.02,1.8,0.59,2.85,3.02,2.91,6.87,1.01,3.9
"AR14-3",-4.87336730661556,FALSE,30.35,11.37,3.23,NA,2.82,2.14,NA,3.4,5.76,57.64,234.55,67.1,29.64,1.64,NA,1.36,NA,NA,NA,NA,2.94,2.96,3.26,7.52,NA,3.94
"SM4483-2",-4.92596016400257,FALSE,27.31,13.63,2.52,42.37,2.18,5.13,1.1,3.78,4.7,47.04,246.2,159.83,29.02,1.15,1.02,1.33,2.43,14.87,1.53,0.73,2.88,3.01,2.63,8.64,1.08,3.8
"MEX6",-5.00178498285467,FALSE,25.92,14.88,2.24,NA,1.08,1.15,NA,3.88,7.52,75.25,269.76,198.21,24.06,1.51,NA,1.39,2.56,13.46,1.88,0.75,2.82,3,2.74,9.52,1.07,4.1
"GM4486-11",-5.15879939531462,FALSE,28.09,13.2,2.76,NA,0.93,6.07,NA,3.87,7.1,71.01,252.54,184.21,28.03,1.65,NA,1.19,2.41,NA,1.24,NA,2.86,3.03,2.98,8.55,NA,3.71
"GM10054B-2",-5.44674425223443,FALSE,29.61,16.03,3.85,45.36,4.48,1.59,1.05,5.18,6.73,67.29,244.34,63.96,25.65,2.29,1.14,1.16,2.25,16.36,1.85,0.5,2.64,3.01,2.85,10.34,1.46,3.78
"COL2564",-5.46886983755864,FALSE,26.63,18.13,3.13,NA,1.81,4.22,NA,5.17,7.87,78.7,249.14,117.71,26.46,1.83,NA,1.03,2.67,19.73,1.81,0.6,2.8,3,2.67,11.58,3.13,3.84
"COL1566",-5.64305068832366,FALSE,31.97,9.08,3.52,NA,3.68,2.93,NA,3.21,5.68,56.75,286.73,93.37,31.16,1.94,NA,1.11,2.41,10.56,1.68,1.43,2.81,3,3.01,5.95,1.08,3.74
"COL1722",-5.82641833879096,FALSE,30.63,13.51,3.83,42.15,3.3,NA,1.08,4.31,7.56,75.63,269.63,127.31,27.51,2.43,1.03,NA,2.47,12.14,2.03,0.61,2.78,2.88,3.09,8.69,1.07,4.26
"CR27-20",-5.93555117322148,FALSE,32.4,9.28,3.75,NA,2.76,1.72,NA,3.21,6.11,61.11,203.23,104.46,23.09,1.6,NA,1.34,2.09,10.42,2,0.63,2.67,1.05,3.25,6.07,1.08,3.52
"SM4821-37",-6.00987623736166,FALSE,29.83,13.45,3.55,NA,3.26,1.56,NA,4.3,4.85,48.51,304.25,121.73,25.45,2.1,NA,1.36,2.49,13.72,1.65,0.91,2.8,3.01,2.65,8.65,1.12,4.18
"GM5249-2",-6.08565227901567,FALSE,29.77,12.38,3.35,41.31,3.4,NA,1.04,3.63,4.88,48.79,224.7,87.83,20.17,1.31,1.02,NA,2.65,11.88,2.14,0.76,2.9,3.02,2.71,7.21,1.06,3.96
"SM4402-6",-6.19376872885806,FALSE,30.38,9.09,3.01,42.66,2.13,NA,1.08,2.64,4.41,44.11,287.54,181.2,21.28,1.31,1.04,NA,2.25,7.71,2.37,0.68,2.83,2.98,3.64,7.62,1.18,4.05
"SM4708-4",-6.37766936998897,FALSE,27.35,17.56,3.41,NA,3.73,1.59,NA,5.83,7.9,78.96,236.49,72.98,25.72,1.68,NA,1.23,2.36,18.3,1.18,1.15,2.82,3.01,2.38,11.22,1.06,3.98
"SM4744-21",-6.58460150073394,FALSE,30.8,11.69,3.67,NA,3.25,1.83,NA,3.83,5.61,56.1,272.09,75.92,25.82,2.11,NA,1.49,2.62,11.95,1.68,0.97,2.88,1.05,2.94,7.38,1.02,3.92
"PER496",-6.82358434934681,FALSE,27.37,14.97,3.02,44.65,3.12,1.6,1.05,4.28,4.83,48.29,285.99,143.7,31.16,1.4,1.03,1.17,2.43,13.3,2.08,1.1,2.81,3.03,3.03,9.63,1.07,4.05
"GM5260-3",-6.98159285310601,FALSE,29.04,12.11,3.15,43.38,3.42,NA,1.1,3.49,5.95,59.47,249.38,99.25,25.89,1.86,1.03,NA,2.61,11.86,1.87,0.65,2.87,2.86,3.2,7.02,1.07,4.07
"SM4573-44",-7.05205238295729,FALSE,28.6,12.35,3.04,NA,3.5,5.33,NA,3.76,7.08,70.82,246.77,94.79,20.04,1.14,NA,1.16,2.35,13.1,2.07,0.63,2.8,2.99,3.21,7.83,1.06,4.09
"GM7671-7",-7.27068801455117,FALSE,27.47,15.29,3.17,44.23,2,1.41,1.1,4.29,4.97,49.68,204.58,87.85,29.79,1.53,1.02,1.17,2.37,15.49,1.17,0.59,2.57,3.01,2.63,9.75,1.08,3.46
"SM4388-2",-7.34964544436715,FALSE,27.36,15.12,3.11,43.5,3.86,NA,1.06,4.05,4.12,41.24,266.37,94.83,22.4,1.59,1.02,NA,2.64,15.29,2.31,0.6,2.92,3,2.75,9.6,1.11,4.17
"GM8560-13",-7.55441196209026,FALSE,26.6,14.22,2.7,NA,2.45,5.38,NA,4.31,6.99,69.94,265.52,163.84,38.56,1.5,NA,1.23,2.5,26.01,2.18,0.74,2.91,2.99,2.57,9.39,1.02,3.6
"SM4574-58",-7.83225257050335,FALSE,27.53,15.04,3.22,44.16,3.82,NA,1.07,4.18,3.86,38.58,273.54,109.46,24.62,1.43,1.02,NA,2.28,12.7,1.38,0.78,2.57,2.79,3.14,10.32,1.13,3.83
"GM4395-27",-7.98475898354573,FALSE,27.15,13.1,2.76,43.23,3.25,5.36,1.12,3.74,6.7,67.03,223.54,97.93,23.13,1.47,1.03,1.12,2.54,13.93,2.14,0.54,2.93,3,2.89,8.33,1,3.98
"PER353",-7.99515228912414,FALSE,27.04,13.55,2.8,44.04,2.35,NA,1.06,3.83,6.77,67.67,225.5,103.22,23.22,1.3,1.02,NA,2.18,12.57,1.21,1.31,2.57,3.03,3.29,8.61,1.06,3.86
"GM8527-12",-8.10503694414471,FALSE,25.71,12.94,2.22,NA,2.88,5.94,NA,3.48,7.28,72.84,258.96,141.71,23.94,1.38,NA,1.12,2.37,14.14,1.79,0.54,2.78,3.01,3.16,8.19,1.14,3.73
"GM4527-4",-8.16387305926724,FALSE,29.09,10.63,3.06,43.71,2.71,NA,1.05,2.75,5.5,54.97,234.3,119.66,25.11,1.57,1.01,NA,2.06,10.37,1.28,0.67,2.51,3.02,3.06,6.57,1.08,3.7
"GM10299-1",-8.30249452924482,FALSE,24.56,19.87,3.04,43.11,2.62,5.37,1.1,5.29,5.64,56.4,251.22,108.66,28.89,1.48,1.03,1.78,2.46,17.41,1.55,1.12,2.83,3.01,2.69,13.47,1.05,4.1
"GM7673-7",-8.33308026646134,FALSE,26.99,9.19,2.06,43.19,2.01,NA,1.07,2.33,9.03,90.28,249.12,172.71,33.04,1.27,1.03,NA,2.64,6.61,2.3,0.44,3.14,1.41,4,5.41,1.07,3.89
"C33",-8.34761861086515,FALSE,28.17,15.95,3.68,43.5,4,2.13,1.1,4.56,7.19,71.92,218.13,62.59,22.03,1.47,1.02,1.37,2.44,14.46,1.67,0.57,2.62,3.01,2.74,10.06,1.06,3.73
"SM4756-19",-8.48900076203893,FALSE,30.45,10.29,3.54,NA,3.4,3.12,NA,3.18,5.71,57.05,261.85,114.38,27.78,2.25,NA,1.55,2.55,NA,NA,NA,3.01,2.55,3.24,6.88,NA,3.88
"ECU72",-8.58680115824575,FALSE,28.82,10.03,2.91,44.01,3.04,NA,1.05,2.65,7.78,77.78,247.45,97.86,22.87,1.47,1.02,NA,2.31,10.48,1.19,0.5,2.71,1.27,2.92,6.01,1.06,3.94
"GM4883-1",-8.74576820730413,FALSE,28.37,16.04,3.82,44.83,2.97,2.06,1.05,4.84,5.85,58.5,248.3,121.42,29.68,2.16,1.03,1.36,2.67,13.28,1.18,0.6,2.91,3.01,1.96,9.87,1.14,4.17
"PER415",-8.84540169657643,FALSE,27.85,10.27,2.63,42.81,1.35,3.55,1.06,2.92,6.83,68.27,265.59,113.8,33.74,1.2,1.07,1.35,2.61,10.04,2.19,0.6,2.75,3.01,3.05,6.39,1.05,4.11
"SM4574-40",-8.87663999179025,FALSE,27.69,13.83,3.2,42.07,3.93,5.25,1.04,3.8,8.47,84.74,267.66,98.3,24.46,1.65,1.02,1.12,2.52,14.97,2.24,0.57,2.93,2.57,2.95,8.78,1.03,4.38
"C19",-8.93229357125697,FALSE,28.77,15.24,3.85,41.35,3.72,1.8,1.03,4.98,5.69,56.93,198.22,65.8,22.13,1.46,1.01,1.18,2.37,14.84,1.41,0.65,2.78,3.01,2.15,10.26,3.16,3.49
"SM4389-36",-9.02175598090117,FALSE,28.3,10.57,2.87,42.35,3.34,NA,1.04,2.88,8.46,84.57,276.96,133.03,26.39,1.29,1.02,NA,2.22,11.57,1.87,0.61,2.8,3.03,3.19,6.47,1.01,4.19
"SM4853-1",-9.38284765959305,FALSE,28.33,8.42,2.55,42.19,3.7,5.3,1.05,2.3,6.19,61.86,271.64,111.72,21.27,1.37,1.02,1.21,2.31,6.05,2.28,0.57,2.92,2.72,3.79,5.55,1.04,4.02
"GM11935-3",-9.43443909673108,FALSE,26.12,15.56,3,NA,3.27,1.56,NA,4.26,7.41,74.12,250.3,97.79,24.71,1.33,NA,1.26,2.25,17.39,1.07,0.79,2.63,2.99,2.41,9.97,1.04,3.89
"AM1549-15",-9.47702448806804,FALSE,28.7,7.75,2.58,42.14,3.13,5.16,1.06,2.18,6.51,65.13,231.87,128.53,20.45,1.1,1.01,1.15,1.96,7.64,1.33,0.46,2.61,3,3.46,4.94,1.19,3.74
"ECU64",-9.49457613379649,FALSE,29.09,10.4,3.19,43.17,3.19,NA,1.22,2.9,7.95,79.48,253.54,106.44,23.22,1.85,1.02,NA,2.19,9.46,1.21,0.54,2.51,1.45,3.28,6.39,1.13,3.84
"COL144",-9.8420415085164,FALSE,28.98,11.63,3.41,43.67,1.62,NA,1.11,3.36,7.64,76.42,242.27,137.31,27.61,1.63,1.01,NA,2.35,8.78,1.95,0.47,2.91,3.02,3.59,7.52,1.06,3.83
"ECU41",-9.88417790557883,FALSE,27.94,13.2,3.31,44.99,0.67,1.86,1.41,3.88,7.22,72.22,227.81,164.46,28.25,1.9,1.01,1.17,2.09,12.44,2.25,0.79,2.82,1.03,3.14,8.61,1.05,3.59
"GM10026-1",-9.88430452036706,FALSE,26.85,15.19,3.26,41.68,3.87,NA,1.07,3.96,7.76,77.57,252.87,99.54,21.36,1.67,1.02,NA,2.36,15.87,1.32,1.18,2.88,3.03,2.94,9.48,1.12,4.1
"GM10054B-1",-10.1984142736051,FALSE,30.09,11.96,3.92,43.4,4.21,NA,1.06,3.87,6.54,65.41,258.12,56.79,28.88,2.54,1.08,NA,2.46,8.77,2.19,0.58,2.89,3.01,3.41,8.2,1.11,3.85
"AR37-103",-10.2542985316649,FALSE,30.3,9.6,3.59,NA,4.21,1.39,NA,3.05,3.7,36.96,249.24,80.31,21.87,1.58,NA,1.35,2.55,8,1.98,0.61,3.11,3,3.38,6.42,1.04,3.51
"SM4771-25",-10.3766594438265,FALSE,29.23,12.77,3.77,NA,2.99,2.46,NA,4.13,6.21,62.1,265.43,128.51,22.6,2.21,NA,1.2,2.31,12.94,1.36,0.55,2.4,2.64,2.84,8.26,1.02,3.78
"PAR68",-10.9006384068252,FALSE,25.64,16.29,3.14,NA,1.02,1.62,NA,3.76,8.34,83.39,227.29,155.47,22.22,1.55,NA,1.34,2.24,21.59,1.3,0.95,2.8,3.01,2.87,10.57,1.01,4.18
"GM10399-2",-10.9522513165674,FALSE,28.34,7.14,2.53,41.12,2.67,4.84,1.06,1.95,5.57,55.69,274.9,168.62,26.49,1.39,1.02,1.2,2.19,8.47,1.99,0.61,2.8,2.48,3.48,4.48,1.04,4.03
"GM11930-2",-10.9700939864023,FALSE,27.17,10.31,2.66,NA,2.56,1.13,NA,2.79,7.28,72.84,250.49,111.38,24.03,1.45,NA,1.12,2.35,10.64,1.73,0.85,2.77,2.99,2.98,6.78,1.28,3.97
"GM8956-1",-11.5227393033191,FALSE,25.47,14.31,2.81,NA,2.99,6.11,NA,3.98,6.83,68.33,240.67,87.64,19.64,1.82,NA,1.14,2.42,15.37,1.68,1.04,2.6,2.77,3.19,9.02,1.15,3.88
"SM4491-2",-12.3754695844228,FALSE,26.9,11.9,3.02,40,3.6,5.57,1.08,3.19,5.98,59.76,271.2,134.97,25.55,1.74,1.03,1.32,2.53,12.41,2.32,0.49,2.91,3.02,3.04,7.41,2.19,4.29
"AR17-23",-12.4125534480333,FALSE,27.15,14.03,3.49,NA,4.38,2.15,NA,4.23,7.7,76.99,246.89,55.06,23.76,1.2,NA,2.13,2.43,13.81,2.45,0.54,2.93,1.07,3.4,9.22,1.11,4.09
"GM1561-11",-12.7335865758611,FALSE,25.13,17.1,3.33,42.71,3.53,NA,1.07,4.02,8.73,87.27,259.35,109.48,24.73,1.72,1.03,NA,2.64,16.11,1.53,0.5,2.89,3.03,2.75,9.86,1.07,4.33
"GM3667-24",-12.7702392414259,FALSE,25.42,15.67,3.19,42.37,2.97,NA,1.06,4.06,7.3,73.05,234.62,98.09,25.48,1.6,1.02,NA,2.36,14.26,2.07,0.73,2.88,3.02,3.05,9.73,1.1,3.95
"SM4410-1",-13.0405436085584,FALSE,25.43,13.4,2.83,42.23,3.33,5.54,1.06,3.61,7.5,74.98,297.23,176.96,24.15,1.76,1.02,1.18,2.53,10.53,2.51,0.49,2.91,3.01,3.44,8.41,1.14,4.55
"SM4474-25",-13.0408645363987,FALSE,25.06,14.97,2.97,43.21,2.77,NA,1.06,3.91,5.72,57.22,239.13,109.6,23.77,1.65,1.15,NA,2.59,19,1.83,0.64,2.87,3.02,2.53,10.23,1.08,3.82
"SM4871-45",-13.2255463864646,FALSE,26.06,13.09,3.03,43.65,3.97,4.76,1.06,3.45,4.38,43.83,283.7,120.46,25.46,1.31,1.01,1.2,2.26,13.63,2.14,0.68,2.94,2.86,3.13,9.35,1.31,4.23
"SM4862-8",-13.3012744942622,FALSE,26.95,13.4,3.42,44.09,4.29,NA,1.05,3.63,4.86,48.57,273.47,81.34,20.88,1.38,1.02,NA,2.47,11.54,2.09,0.68,2.89,3.01,2.98,8.78,1.09,4.39
"SM4716-27",-13.513177106448,FALSE,30.69,8.46,3.95,NA,3.72,1.59,NA,2.87,6.77,67.7,249.91,91.57,23.8,2.42,NA,1.1,2.51,7.02,1.63,0.66,2.85,2.97,3.37,5.64,1.15,3.95
"AR40-5",-13.6412513050072,FALSE,27.9,12.48,3.65,NA,4.1,1.56,NA,3.59,5.13,51.29,214.73,59.46,26.88,1.04,NA,1.91,2.68,7.47,2.61,0.56,3.04,1.26,3.39,7.87,1.02,3.58
"CM8996-596",-13.6684328198073,FALSE,24.98,15.99,3.2,NA,3.09,2.07,NA,4.31,6.44,64.42,220.53,80.54,21.9,1.3,NA,1.08,2.26,16.13,1.62,0.67,2.56,3,2.36,9.89,1.02,3.77
"GM10194-1",-13.7367716273666,FALSE,26.38,13.36,3.26,41.53,3.53,NA,1.16,4.06,4.13,41.27,297.67,148.13,23.07,1.64,1.08,NA,2.08,12.44,1.96,0.98,2.63,2.31,3.72,10.74,1.08,4.2
"AR9-14",-13.9200524484113,FALSE,28.72,11.42,3.8,NA,4.42,1.48,NA,3.55,3.73,37.34,232.06,62.67,20.37,1.42,NA,1.68,2.57,13.54,1.74,0.51,2.79,2.98,3.02,7.54,1.03,4.02
"GM3738-25",-13.9297643932948,FALSE,26.66,7.79,2.41,41.66,3.52,5.25,1.1,2.31,5.74,57.38,265.48,97.74,25.56,1.12,1.02,1.75,2.32,6.33,2.49,0.57,2.91,3.02,3.86,5.11,1.08,4
"SM4876-1",-14.0216746832724,FALSE,26.92,12.31,3.31,44.18,4.27,5.03,1.06,4.2,4.32,43.18,259.13,68.39,26.83,1.71,1.16,1.22,2.49,12.26,1.54,0.7,2.67,2.69,2.9,8.19,1.03,3.77
"BRA787",-14.4044080391189,FALSE,27.02,12.05,3.35,NA,2.67,1.82,NA,3.62,7.04,70.38,257.33,123.32,25.69,2.14,NA,1.19,2.5,17.69,1.88,0.57,2.96,1.07,3.62,8.02,1.14,3.95
"SM4576-66",-14.7269959279141,FALSE,27.83,9.44,3.23,43.87,3.44,5.57,1.1,2.79,6.62,66.24,299.16,182.44,29.42,2.22,1.04,1.18,2.1,8.17,2.19,0.62,2.76,3.01,3.57,6.05,1.07,4.49
"SM4565-1",-14.7618975762254,FALSE,28.26,9.03,3.32,NA,4.24,6.15,NA,2.53,6.46,64.6,253.85,78.14,25.42,1.52,NA,1.05,2.52,7.36,1.88,0.68,2.96,3.01,3.11,5.84,1.03,4.03
"GM10054B-3",-15.294831045052,FALSE,28.11,13.4,4.1,45.9,4.04,1.4,1.05,4.05,7.06,70.62,257.44,72.74,28.55,2.54,1.03,1.28,2.05,14.29,2.1,0.61,2.75,3,3.35,8.81,1.68,3.88
"SM4864-33",-15.8933587497871,FALSE,26.97,9.7,3.11,43.4,3.22,NA,1.07,2.73,3.83,38.35,326.74,160.08,23.05,1.45,1.02,NA,1.96,9.12,1.87,1.12,2.7,3,3.44,7.78,1.08,4.24
"GM7671-9",-15.9013828809085,FALSE,28.78,11.16,4.03,44.69,4.46,1.96,1.11,3.36,4.72,47.23,253.33,60.3,24.46,2.53,1.01,1.29,2.14,10.49,1.77,0.58,2.86,2.94,3.25,7.27,1.93,3.83
"SM4436-1",-16.2842278872041,FALSE,25.8,8.95,2.6,NA,4.36,5.4,NA,2.29,2.54,25.43,307.33,92.9,22.04,1.39,NA,1.15,2.46,11.66,1.52,0.58,2.83,3.04,2.96,5.81,1.09,3.82
"GM8375-58",-16.612501712489,FALSE,25.39,14.24,3.42,41.84,3.12,NA,1.33,3.52,4.81,48.08,293.12,164.79,25.49,2.25,1.02,NA,2.57,14.59,2.21,0.51,2.88,3.01,2.94,9.13,1.08,4.41
"SM5008-11",-16.6698642991144,FALSE,27.57,9.42,3.38,44.93,3.27,NA,1.05,2.48,3.6,36.02,264.77,133.3,20.84,1.34,1.03,NA,2.32,10.79,1.7,0.58,2.89,2.86,3.5,6.47,1.02,3.88
"PER497",-16.7468239450514,FALSE,26.96,11.72,3.57,44.63,2.94,1.51,1.09,2.94,5.49,54.86,267.9,103.8,31.05,1.73,1.01,1.45,2.38,10.17,2.18,0.88,2.88,3.01,2.8,12.8,1.1,4.03
"AR23-1",-16.7672941480849,FALSE,27.98,11.4,3.89,NA,4.08,2.85,NA,3.17,7.96,79.65,210.81,59.26,21.34,1.4,NA,1.51,2.4,12.8,2.09,0.57,2.96,3.01,3.62,7.47,2.63,3.87
"COL40",-16.9617111034656,FALSE,31.03,6.83,4.23,44.87,2.84,NA,1.11,2.44,4.21,42.08,221.44,69.18,21.68,2.14,1.43,NA,1.98,11.24,2.27,0.6,2.88,3.03,3.38,5.27,1.12,3.61
"AR18-1",-17.4320288851609,FALSE,23.5,15.25,3.01,NA,2.03,2.84,NA,4.76,4.96,49.61,227.49,119.54,27.09,1.68,NA,1.4,2.59,NA,2.12,NA,2.81,1.12,2.92,9.72,NA,3.73
"SM4423-1",-17.4400558255151,FALSE,24.11,12.66,2.78,NA,3.26,6.14,NA,3.22,6.31,63.07,242.26,120.11,29.85,1.77,NA,1.09,2.22,16.06,1,0.61,2.79,2.99,2.91,8.29,1.05,3.77
"BRA847",-17.5420732208337,FALSE,29.42,9.14,4.12,NA,3.19,1.33,NA,2.81,8.32,83.2,190.07,68.16,20.05,2.13,NA,1.17,2.17,14.67,1.36,0.62,2.9,3.01,3.01,6.31,1.04,3.6
"GM11984-2",-17.6417873580727,FALSE,27.9,8.82,3.52,NA,3.25,1.85,NA,2.43,6.42,64.24,241.63,87.59,25.26,1.92,NA,1.11,2.18,12.18,1.15,0.65,2.49,3.01,2.99,5.91,1.09,3.77
"SM4358-15",-17.8378926902059,FALSE,26.8,8.18,3.03,44.08,3.49,5.29,1.06,2.41,3.84,38.39,245.29,92.52,26.41,1.35,1.03,1.44,2.37,10.64,1.96,0.65,2.86,3.01,2.94,5.96,1.08,3.97
"COL2212",-17.9733367536927,FALSE,26.26,14.68,3.99,NA,3.93,1.07,NA,4.43,6.43,64.27,214.82,70.33,19.07,1.64,NA,1.35,2.57,17.64,1.54,1,2.97,3.01,3.01,9.5,3.23,3.73
"SM4855-24",-18.0644889928791,FALSE,26.68,10.83,3.48,46.11,3.69,NA,1.06,2.68,4.93,49.31,250.81,67.61,25.23,1.25,1.02,NA,2.65,8.73,1.83,0.59,2.9,3.02,3.4,6.85,1.07,3.91
"SM4852-8",-18.0838003899991,FALSE,25.98,11.65,3.37,41.18,3.68,5.45,1.12,3.3,4.24,42.39,269.66,109.79,22.65,1.49,1.01,1.2,2.55,13.55,2.47,0.68,2.92,3,2.77,8.32,1.12,4.17
"GM5202-2",-18.1573558599773,FALSE,25.72,12.31,3.4,44.31,3.93,NA,1.04,3.05,6.68,66.79,228.03,74.51,20.24,1.4,1.02,NA,2.41,8.38,2.19,0.64,2.89,3.04,3.23,7.69,1.06,3.91
"PER206",-18.3379310287382,FALSE,25.77,9.68,2.98,42.8,2.18,1.2,1.09,2.7,7.35,73.48,297.87,218.08,34.24,2.18,1.02,1.18,2.22,8.91,2.21,0.69,2.66,3.02,3.15,6.06,1.18,4.47
"SM3878-111",-18.3764867103617,FALSE,25.15,9.92,2.8,40.12,3.78,NA,1.05,1.9,5.17,51.69,263.33,123.63,21.64,1.41,1.03,NA,2.03,8.25,1.51,0.68,2.51,3.02,3.28,6.36,1.07,3.93
"AM1531-9",-18.5394256763023,FALSE,30.32,1.86,3.3,40.1,2.27,NA,1.09,1.9,3.34,33.4,228.08,138.58,27.43,1.42,1.05,NA,2.35,7.9,1.68,0.7,2.8,3.06,3.69,4.59,1.2,3.76
"SM4437-13",-18.6847914763089,FALSE,24.53,13.44,3.23,42.62,2.93,5.39,1.05,3.8,4.77,47.71,262.96,159.46,30.08,1.95,1.01,1.49,2.07,12.65,1.39,0.57,2.91,3.02,3.08,8.57,1,3.83
"SM4515-6",-18.8055262993217,FALSE,23.27,12.22,2.57,41.22,3.22,5.43,1.17,2.76,5.34,53.36,283.51,128.86,27.99,1.49,1.08,1.37,2.67,13.97,2.35,0.58,2.91,2.36,2.78,7.62,1.02,4.08
"GM10293-5",-18.9967057365919,FALSE,25.2,11.13,3.11,43.4,4.02,5.57,1.06,2.96,4.39,43.87,278.85,108.08,23.48,1.72,1.03,1.19,2.61,12.04,1.95,0.6,2.9,2.84,3.02,7.76,1.11,4.16
"PER333",-19.1931945894651,FALSE,22.08,13.11,2.34,NA,0.34,2.17,NA,3.14,5.61,56.13,262.54,238.99,30.83,1.77,NA,1.13,2.32,18.64,1.6,0.64,2.71,1.05,2.71,8.66,1.11,3.86
"GM10057-1",-19.2275299961004,FALSE,27.28,9.47,3.61,NA,3.94,1.62,NA,2.74,6.6,65.99,264.64,73.79,22.87,1.83,NA,1.36,2.61,10.66,1.89,1.69,2.76,2.77,3.31,6.11,1.01,4
"GM4694-22",-19.7620579398578,FALSE,24.06,12.78,3.08,42.46,2.91,1.61,1.05,2.92,7.06,70.58,241.6,94.4,21.32,1.47,1.02,1.17,2.09,10.72,1.17,0.72,2.31,3.02,2.9,7.88,1.06,4.01
"GM10299-4",-19.9921049471579,FALSE,23.26,12.8,2.82,40.3,1.47,5.25,1.13,2.87,4.65,46.51,270.92,116.35,30.74,1.39,1.01,1.23,2.33,13.37,1.27,0.69,2.38,3.02,2.85,8.03,1.03,3.86
"GM8326-1",-20.1815178647896,FALSE,26.41,6.6,2.91,44.02,3.43,NA,1.06,2.36,3.62,36.2,247.89,125.67,24.79,1.4,1.03,NA,2.56,17.68,1.92,0.69,2.84,2.97,3.48,6.27,1.07,3.92
"PER226",-20.2005199023846,FALSE,26.72,7.82,3.24,44.49,1.5,NA,1.65,1.91,7.54,75.41,304.32,244.11,38.22,1.53,1.03,NA,2.41,8.79,1.56,0.59,2.88,3.02,3.47,4.63,1.04,4.2
"GM9411-1",-20.4795559399466,FALSE,24.81,11.66,3.25,NA,3.15,7.45,NA,3.24,5.57,55.67,248,131.57,23.22,1.91,NA,1.23,2.23,NA,1.48,NA,2.65,2.96,3.12,7.67,NA,3.95
"GM9823-1",-20.5272220591289,FALSE,25.18,9.77,3.06,43.91,3.75,4.3,1.1,2.39,4.37,43.71,234.63,115.01,18.7,1.23,1.01,1.52,2.38,11.04,1.75,0.6,2.9,2.99,3.04,6.14,1,4.06
"SM4483-3",-21.1570737886081,FALSE,23.51,14.62,3.38,43.9,3.9,NA,1.06,4.24,3.85,38.54,261.76,85.52,22.55,1.68,1.02,NA,2.05,18.27,1.59,0.66,2.75,2.98,2.71,11.73,1.39,4.22
"SM4861-5",-21.575690777704,FALSE,25.97,8.61,3.28,43.13,3.66,NA,1.1,2.27,4.38,43.79,268.13,89.24,21.21,1.65,1.01,NA,2.39,6.04,2.61,0.58,2.89,2.89,3.99,5.44,1.12,4.22
"PER221",-21.8644706547189,FALSE,25.16,8.95,3.08,42.88,3.26,3.33,1.27,2.35,7.92,79.18,269.72,146.85,25.85,1.9,1.03,1.32,2.55,10.47,2.39,0.68,2.86,3.02,3.39,5.74,1.04,4.05
"COL2131",-23.4455758931088,FALSE,27.11,8.4,3.9,42.1,0.19,1.22,1.11,2.12,6.71,67.06,209.25,194.26,22.17,1.12,1.02,1.27,2.48,10.33,1.32,0.6,2.86,3.01,2.89,5,4.58,3.2
"SM4761-2",-23.8032509853286,FALSE,27.19,8.77,4.04,NA,3.15,2.04,NA,2.59,4.54,45.36,254.82,102.31,27.19,3.01,NA,1.19,2.47,10.12,1.27,0.59,2.78,3.03,2.77,5.81,1.08,3.72
"SM4854-18",-24.0247918965718,FALSE,23.94,12.2,3.48,43.11,3.8,4.99,1.03,2.68,4.54,45.41,265.08,115.83,21.56,1.74,1.09,1.2,2.54,13.08,1.98,0.62,2.9,3.02,2.71,7.93,1.05,4.23
"GUA24",-24.2433426657779,FALSE,25.63,10.85,3.89,43.76,2.92,1.76,1.22,2.88,6.67,66.65,267.78,122.66,30.02,2.54,1.42,1.26,2.51,9.75,1.96,0.69,2.59,3,2.71,6.31,1.07,3.98
"SM4864-20",-24.5008760752875,FALSE,25.69,7.63,3.38,41.97,2.58,4,1.04,1.75,4.74,47.38,333.03,200.68,35.15,1.97,1.08,1.23,2.38,6.72,2.19,1.07,2.9,3.02,3.37,4.83,1.04,4.27
"GM3732-22",-25.138062988549,FALSE,27.18,6.05,3.73,40.24,4.84,5.14,1.1,1.87,6.44,64.43,254.73,59.17,18.05,1.74,1.03,1.32,2.3,4.21,2.5,0.59,2.92,3,4.38,4.12,1.04,3.75
"GM10035-1",-25.3829534604123,FALSE,25.58,6.76,3.3,40.66,3.93,5.18,1.07,2.04,4.47,44.71,247.48,92.15,16.23,1.64,1.03,1.19,2.19,7.16,1.57,1.28,2.78,3.03,3.24,5.33,0.98,3.95
"GM10010-1",-25.5366942457714,FALSE,25.29,9.59,3.71,42.52,3.45,NA,1.05,2.77,3.79,37.93,246,64.67,21.12,1.83,1.02,NA,2.36,13.84,1.31,0.66,2.88,3.01,2.9,7.57,1.1,3.97
"GM10242-3",-25.7575984066982,FALSE,26.24,6.42,3.53,41.96,4.34,5.46,1.06,1.6,5.61,56.06,235.87,51.93,22.25,1.96,1.02,1.15,2.11,5.51,2.28,0.5,2.84,2.01,3.98,4.25,1.16,4.12
"GM7671-2",-26.468049180184,FALSE,26.44,8.79,4.11,41.58,3.04,NA,1.1,2.09,7.6,76.03,246.74,104.37,22.81,2.72,1.61,NA,2.24,8.1,1.45,0.72,2.64,3.01,3.44,5.2,1.36,4.19
"GM10057-13",-26.9636731872267,FALSE,27.58,4.51,3.84,NA,4.12,1.51,NA,1.18,5.09,50.87,228.8,60.72,29.25,1.79,NA,1.38,2.42,5.05,2.13,0.51,3,3.01,3.92,3.37,1.07,3.52
"GM10050B-1",-27.0223569755913,FALSE,26.17,10.83,4.44,43.72,2.53,2.09,1.06,2.92,4.54,45.38,203.99,57.84,24.54,2.05,1.28,1.26,2.24,10.69,1.48,0.7,2.69,2.87,3.08,7.1,3.77,3.35
"SM4289-438",-27.0367294567433,FALSE,22.82,12.34,3.48,NA,3.61,6.47,NA,2.55,3.64,36.4,227.93,66.9,21.2,1.31,NA,1.05,2.45,11.68,1.41,0.54,2.8,2.99,2.92,8.05,2.74,4.1
"GM10397-1",-27.173253925563,FALSE,24.04,9.01,3.36,43.34,4.24,NA,1.05,2.18,4.92,49.18,273.2,70.43,22.78,1.65,1.01,NA,2.13,7.87,2.32,0.46,2.58,1.89,3.73,6.18,1.09,4.26
"GM3594-77",-27.8939034338807,FALSE,26.38,4.74,3.56,42.71,3.64,4.84,1.11,0.98,5.34,53.43,291.45,109.95,25.84,2.15,1.03,1.15,2.23,3.86,1.82,0.84,3.01,3,4.11,2.81,1.07,4.16
"GM5201-13",-28.0531668689605,FALSE,24.9,5.49,3.17,43.47,4.27,4.6,1.1,1.28,3.68,36.79,262.34,94.28,22.59,1.25,1.03,1.24,2.51,3.66,1.98,0.58,2.9,3.04,3.97,3.71,1.14,3.75
"SM4871-39",-28.0933351043826,FALSE,24.69,6.07,3.2,41.59,3.28,NA,1.25,1.18,4.06,40.59,291.19,118.99,33.76,1.59,1.02,NA,2.17,4.32,2.07,0.65,2.89,3,3.77,4.64,1.09,4.04
"SM4475-74",-28.8547163281671,FALSE,28.91,3.66,4.42,44.23,3.35,NA,1.1,0.76,4.53,45.33,225.3,64.57,15.99,2.53,1.15,NA,2.14,5.69,2.25,0.7,2.86,2.99,4.24,2.69,1.1,3.38
"SM4484-18",-28.8759817659301,FALSE,25.01,5.23,3.27,40.67,3.31,NA,1.14,1.46,3.08,30.76,310.79,131.02,22.39,1.39,1.02,NA,2.56,7.69,2.06,0.69,2.99,3.02,2.42,4.59,1.04,4.08
"AM1587-1",-31.0806896225606,FALSE,27.11,1.86,3.73,NA,3.33,1.99,NA,0.33,6.37,63.65,226.57,92.72,22.67,1.78,NA,1.16,2.16,1.87,2.42,0.55,2.97,3.01,4.73,1.78,1.04,3.56
"SM3773-51",-31.4077425870783,FALSE,23.56,9.43,3.8,42.78,4.48,NA,1.04,1.86,7.15,71.49,258.68,68.97,21.64,1.55,1.01,NA,2.18,8.63,2.36,0.62,2.9,3.01,3.52,5.94,1.08,3.99
"SM4380-32",-31.5651718280564,FALSE,24.32,4.48,3.23,43.93,3.17,6,1.07,1.12,3.3,32.95,244.86,88.25,24.71,1.58,1.03,1.26,2.48,5.74,1.61,0.69,2.84,2.99,2.93,3.59,1.13,3.74
"CR100-2",-31.7685590482007,FALSE,26.8,4.57,4.18,NA,3.75,2.2,NA,1.14,5.99,59.9,219.18,56.99,20.88,1.45,NA,1.17,2.51,1.44,2.51,0.57,2.92,3.01,4.77,3.3,1.07,3.53
"SM4871-9",-31.9660806302449,FALSE,23.42,5.61,3.15,42.65,2.89,NA,1.12,1.74,4.09,40.95,285,125.06,26.58,1.71,1.03,NA,2.2,6.85,1.41,0.9,2.89,3.03,3.97,4.92,1.12,3.99
"GM10357-2",-32.3716485873143,FALSE,24.68,5.99,3.73,42.93,4.1,NA,1.12,1.63,3.61,36.07,275.7,129.41,20.06,1.38,1.03,NA,2.37,6.81,1.9,0.69,2.85,3,3.73,5.17,1.18,4.39
"GM9927-3",-32.8421550862531,FALSE,23.14,9.26,3.8,43.55,3.75,NA,1.05,2.01,4.73,47.3,299.05,137.34,29,2.39,1.08,NA,2.55,8.76,2.35,0.8,2.65,3.02,3.27,5.49,1.1,4.31
"GM4694-39",-33.3653904247539,FALSE,24.77,6.16,3.92,44.86,3.57,2.08,1.04,1.38,6.89,68.87,230.38,74.3,20.91,2.1,1.28,1.29,1.9,6.07,1.55,0.8,2.4,3.01,3.66,3.77,1.23,3.84
"GM9810-2",-33.8549618583394,FALSE,24.62,3.38,3.44,41.92,3.7,NA,1.12,0.88,3.16,31.58,273.72,103.88,23.21,2,1.31,NA,2.45,5.58,1.55,0.66,2.85,3.03,3.49,3.14,1.08,3.91
"GM10055A-1",-34.9556345516467,FALSE,23.86,7.64,4.05,44.92,4.54,NA,1.12,2.06,4.69,46.94,246.64,70.24,26.43,2.46,1.02,NA,2.19,7.52,2.1,0.56,2.51,1.11,4.08,5.8,1.99,3.58
"SM3759-36",-35.1456416238526,FALSE,21.46,6.64,3.02,43.89,2.61,NA,1.06,1.73,3.48,34.76,258.35,159.23,26.61,1.37,1.03,NA,2.39,9.04,1.2,0.69,2.72,2.99,3.4,5.59,2.24,3.97
"PER556",-35.4472198333427,FALSE,22.89,7.71,3.77,NA,0.56,2.36,NA,1.8,5.35,53.54,291.01,226.33,38.99,2.25,NA,1.12,2.32,9.68,1.84,1.21,2.8,2.98,3.47,5.28,1.05,3.87
"GM9810-3",-36.6499626320925,FALSE,24.43,5.1,4.03,43.43,4.44,4.28,1.06,1.15,4.47,44.67,236.28,63.1,19.51,2.33,1.02,1.41,2.32,4.6,2.23,0.76,2.85,3.01,3.86,3.39,1.03,3.59
"AM1521-3",-37.5936302327251,FALSE,23.14,6.42,3.91,43.07,4.02,NA,1.06,1.77,3.54,35.4,258.13,110.27,25.17,2.37,1.03,NA,2.39,8.63,1.74,0.78,2.71,2.99,2.91,5.71,1.08,4.15
"SM4864-1",-37.8025392354477,FALSE,21.98,3.73,3.04,40.72,3.36,NA,1.14,0.91,3.27,32.65,270.75,124.01,26.24,1.38,1.03,NA,2.36,9.03,1.55,0.68,2.85,3.01,3.97,3.64,1.1,3.99
"GM5259-1",-40.2075998175013,FALSE,22.38,5.7,3.84,43.84,3.45,NA,1.08,1.34,5.93,59.3,241.32,90.51,21.62,1.92,1.03,NA,2.22,6.38,1.75,0.79,2.29,2.03,3.76,3.83,1.15,3.82
"AM1286-2",-40.6822470920992,FALSE,18.33,12.61,3.63,NA,1.24,2.61,NA,2.26,7.12,71.22,279.27,191.36,31.04,2.16,NA,1.15,2.19,9.87,1.38,0.63,2.92,1.05,3.99,8.01,1.08,3.99
"GM10299-3",-41.326195569772,FALSE,22.46,1.24,3.23,43.72,1.91,NA,1.08,1.19,3.03,30.26,292.18,162.18,27.87,1.39,1.03,NA,2.56,7.5,1.29,0.7,2.84,2.99,3.83,3.57,1.01,3.91
"5G160-16",-42.4721291226148,FALSE,25.48,2.65,4.73,43.3,3.01,2.14,1.3,0.81,5.74,57.37,183.74,99.9,26.44,1.94,1.03,1.37,1.94,3.39,1.85,0.62,1.98,3.03,4.34,1.88,4.23,2.83
"CR100-9",-43.976466146341,FALSE,21.51,2.6,3.46,NA,3.55,2.19,NA,0.5,0.65,6.46,260.16,78.91,29.83,1.62,NA,1.79,2.55,0.81,2.29,0.53,3.01,3,4.24,2.23,1.05,3.9
"5G160-18",-44.3391294935735,FALSE,22.67,3.79,4.14,40.12,3.79,2,1.04,0.79,6.16,61.64,172.87,60.59,19.23,1.58,1.03,1.49,1.78,3.3,1.78,0.74,2.74,2.99,4.13,2.37,1.98,3.09
"5G160-13",-44.3762037559035,FALSE,21.42,6.03,4.08,40.37,3.5,1.3,1.06,1.1,4.86,48.62,188.61,64.93,19.34,1.82,1.02,1.32,1.72,3.75,1.2,1.18,2.18,1.04,4.19,3.25,3.43,3.05
"SM5020-4",-44.8690660045146,FALSE,21.93,2.44,3.7,42.79,2.64,NA,1.12,0.61,3.43,34.28,321.77,169.77,26.01,2.28,1.21,NA,2.19,4.49,1.61,0.91,2.88,3.02,3.92,2.75,1.08,4.28
"GM4694-4",-45.124903098874,FALSE,21.05,5.8,4,43.82,4.2,2.97,1.05,1.06,4.73,47.32,215.91,48.19,21.79,2.11,1.21,1.19,2.45,6.29,1.18,1.24,2.79,2.99,3.28,3.87,2.27,3.81
"GM3736-40",-48.6758876075454,FALSE,20.18,2.46,3.55,42.81,3.6,NA,1.06,0.21,3.81,38.07,245.34,57.2,25.4,1.84,1.09,NA,2.2,2.94,2,0.66,3.13,3,4.88,1.58,1.09,3.69
"GM4682-7",-50.5776486344791,FALSE,19.45,3.28,3.67,44.15,3.7,2.88,1.07,0.89,4.98,49.76,250.5,99.64,27.68,2.22,1.04,1.16,1.85,2.71,1.24,0.76,2.53,1.01,4.55,2.31,1.18,3.87
"AM1305-21",-63.9796957242579,FALSE,15.53,1.17,3.58,NA,1.51,2.96,NA,-0.28,6.46,64.65,235.19,163.09,20.38,2.14,NA,1.36,2.08,3.45,1.2,0.67,2.77,1.03,3.85,1.29,1.55,3.74
"SM5020-8",NA,NA,NA,1.69,NA,NA,NA,NA,1.06,NA,3,30,NA,NA,NA,NA,1.03,NA,NA,NA,NA,NA,NA,NA,NA,NA,1.13,NA
"SM3387-4",NA,NA,31.77,16.1,NA,NA,NA,2.19,NA,5.17,7.18,71.81,258.88,224.66,30.66,NA,NA,1.4,2.44,NA,1.75,NA,3,2.98,2.92,10.23,NA,4.01
"AM1549-9",NA,NA,NA,0.84,NA,NA,NA,NA,NA,NA,3.66,36.58,NA,NA,NA,NA,NA,NA,NA,NA,NA,NA,NA,NA,NA,NA,NA,NA
